time,open,high,low,close,volume,ticker
2006-10-10,24.53,24.53,24.53,24.53,102930,DCT
2006-10-11,23.3,23.3,23.3,23.3,150550,DCT
2006-10-12,24.45,24.45,24.45,24.45,348060,DCT
2006-10-13,25.6,25.6,25.6,25.6,105900,DCT
2006-10-16,26.83,26.83,26.83,26.83,44550,DCT
2006-10-17,28.13,28.13,26.06,26.06,306880,DCT
2006-10-18,24.99,25.3,24.99,25.3,156080,DCT
2006-10-19,25.68,26.06,25.68,26.06,53240,DCT
2006-10-20,26.06,26.06,25.68,25.68,61210,DCT
2006-10-23,25.3,25.3,25.07,25.22,38340,DCT
2006-10-24,24.91,24.91,24.91,24.91,66830,DCT
2006-10-25,24.76,24.76,24.53,24.53,57370,DCT
2006-10-26,24.15,24.22,24.15,24.22,80720,DCT
2006-10-27,23.76,23.76,23.76,23.76,149400,DCT
2006-10-30,23.38,23.38,22.77,22.77,68570,DCT
2006-10-31,22.23,22.61,21.92,22.61,108970,DCT
2006-11-01,23.3,23.69,23.3,23.69,51520,DCT
2006-11-02,24.15,24.15,23.61,23.61,68230,DCT
2006-11-03,23.38,23.38,23.15,23.15,42450,DCT
2006-11-06,23.15,23.38,23.15,23.23,46580,DCT
2006-11-07,23.23,23.23,23.15,23.15,51770,DCT
2006-11-08,23.15,23.15,23.0,23.0,38750,DCT
2006-11-09,23.0,23.0,22.84,22.84,48450,DCT
2006-11-10,22.77,22.77,22.54,22.54,61640,DCT
2006-11-13,22.23,22.23,22.08,22.08,75540,DCT
2006-11-14,22.08,22.08,22.08,22.08,63810,DCT
2006-11-15,22.23,22.23,22.23,22.23,100920,DCT
2006-11-16,22.23,22.38,22.23,22.38,49860,DCT
2006-11-17,22.23,22.46,22.23,22.38,25290,DCT
2006-11-20,22.23,22.23,21.92,21.92,43300,DCT
2006-11-21,21.69,21.69,21.46,21.46,51810,DCT
2006-11-22,21.46,21.46,21.08,21.08,49430,DCT
2006-11-23,21.08,21.85,21.08,21.85,60650,DCT
2006-11-24,22.92,22.92,22.92,22.92,67910,DCT
2006-11-27,22.92,22.92,21.85,21.85,29270,DCT
2006-11-28,21.46,21.46,21.46,21.46,45030,DCT
2006-11-29,21.46,21.46,21.16,21.23,28450,DCT
2006-11-30,21.23,21.46,21.23,21.23,53960,DCT
2006-12-01,21.08,21.08,20.93,20.93,31960,DCT
2006-12-04,21.16,21.16,20.77,20.77,47780,DCT
2006-12-05,21.77,21.77,21.23,21.23,34100,DCT
2006-12-06,21.08,21.08,20.85,21.08,47210,DCT
2006-12-07,21.08,21.08,20.85,20.85,65140,DCT
2006-12-08,20.85,20.85,20.85,20.85,7370,DCT
2006-12-11,21.08,21.08,20.85,20.85,36450,DCT
2006-12-12,20.85,20.85,19.24,19.55,36730,DCT
2006-12-13,18.63,19.16,18.63,19.09,68270,DCT
2006-12-14,18.4,18.78,18.4,18.63,62220,DCT
2006-12-15,19.55,19.55,19.55,19.55,87910,DCT
2006-12-18,20.47,20.47,20.47,20.47,27500,DCT
2006-12-19,21.46,21.46,21.46,21.46,32620,DCT
2006-12-20,22.54,22.54,22.54,22.54,91580,DCT
2006-12-21,21.92,21.92,21.46,21.46,102250,DCT
2006-12-22,20.47,20.47,20.39,20.47,51980,DCT
2006-12-25,20.7,21.46,20.7,21.46,36280,DCT
2006-12-26,22.23,22.23,21.46,21.46,56650,DCT
2006-12-27,21.46,21.46,21.46,21.46,42640,DCT
2006-12-28,21.08,21.08,20.62,20.62,58300,DCT
2006-12-29,19.93,20.7,19.93,20.7,33630,DCT
2007-01-02,20.7,20.85,20.47,20.47,30200,DCT
2007-01-03,20.39,20.39,20.31,20.31,11530,DCT
2007-01-04,20.7,20.7,20.39,20.7,33800,DCT
2007-01-05,20.7,20.7,20.31,20.31,41750,DCT
2007-01-08,19.93,20.31,19.93,20.31,38680,DCT
2007-01-09,19.93,19.93,19.7,19.7,34050,DCT
2007-01-10,19.7,19.93,19.7,19.7,53310,DCT
2007-01-11,19.93,19.93,19.93,19.93,40600,DCT
2007-01-12,20.31,20.7,20.31,20.7,77930,DCT
2007-01-15,21.46,21.46,21.08,21.08,75240,DCT
2007-01-16,21.39,21.39,20.7,20.7,46780,DCT
2007-01-17,20.7,20.7,20.7,20.7,33750,DCT
2007-01-18,19.85,20.31,19.85,20.31,9140,DCT
2007-01-19,20.31,20.31,19.93,19.93,29130,DCT
2007-01-22,19.01,19.55,19.01,19.55,48350,DCT
2007-01-23,19.55,19.78,19.55,19.62,41010,DCT
2007-01-24,20.54,20.54,20.54,20.54,76950,DCT
2007-01-25,21.54,21.54,21.54,21.54,62810,DCT
2007-01-26,22.61,22.61,21.85,21.85,189920,DCT
2007-01-29,20.77,21.08,20.77,21.08,51760,DCT
2007-01-30,21.46,21.46,21.46,21.46,50630,DCT
2007-01-31,21.46,21.46,21.08,21.08,38270,DCT
2007-02-01,20.85,21.08,20.7,20.7,50480,DCT
2007-02-02,21.69,21.69,21.69,21.69,121170,DCT
2007-02-05,22.77,22.77,22.77,22.77,195440,DCT
2007-02-06,23.84,23.84,23.84,23.84,86270,DCT
2007-02-07,24.99,24.99,24.99,24.99,118520,DCT
2007-02-08,26.22,26.22,26.22,26.22,456130,DCT
2007-02-09,24.91,24.91,24.91,24.91,121840,DCT
2007-02-12,23.69,23.99,23.69,23.99,221490,DCT
2007-02-13,24.91,24.91,24.53,24.53,214250,DCT
2007-02-14,25.68,25.68,25.3,25.68,161220,DCT
2007-02-15,26.45,26.45,26.06,26.06,145020,DCT
2007-02-26,27.37,27.37,27.37,27.37,93250,DCT
2007-02-27,28.67,28.67,28.67,28.67,106180,DCT
2007-02-28,30.05,30.05,29.28,29.28,546080,DCT
2007-03-01,29.9,29.9,29.67,29.67,251650,DCT
2007-03-02,29.9,29.9,29.9,29.9,214290,DCT
2007-03-05,31.35,31.35,31.35,31.35,247410,DCT
2007-03-06,32.89,32.89,32.89,32.89,205440,DCT
2007-03-07,34.5,34.5,34.5,34.5,108460,DCT
2007-03-08,36.18,36.18,36.18,36.18,37250,DCT
2007-03-09,37.95,37.95,37.95,37.95,25440,DCT
2007-03-12,39.48,39.48,39.48,39.48,24900,DCT
2007-03-13,41.4,41.4,41.4,41.4,393790,DCT
2007-03-14,39.48,39.48,39.48,39.48,190520,DCT
2007-03-15,37.56,37.56,37.56,37.56,28860,DCT
2007-03-16,35.72,35.72,35.72,35.72,258810,DCT
2007-03-19,37.03,37.03,37.03,37.03,261480,DCT
2007-03-20,38.71,38.71,38.33,38.33,383920,DCT
2007-03-21,37.56,38.18,36.95,36.95,183670,DCT
2007-03-22,35.42,35.42,35.11,35.11,121640,DCT
2007-03-23,33.42,33.42,33.42,33.42,118760,DCT
2007-03-26,31.81,31.81,31.81,31.81,70950,DCT
2007-03-27,30.28,30.28,30.28,30.28,38180,DCT
2007-03-28,28.82,28.82,28.82,28.82,29590,DCT
2007-03-29,30.2,30.2,30.2,30.2,51790,DCT
2007-03-30,31.66,31.66,31.66,31.66,240060,DCT
2007-04-02,31.66,31.66,30.13,30.66,139140,DCT
2007-04-03,29.13,29.13,29.13,29.13,115470,DCT
2007-04-04,29.9,30.59,29.9,30.59,58730,DCT
2007-04-05,30.66,30.66,30.66,30.66,90500,DCT
2007-04-06,29.28,29.74,29.28,29.74,43930,DCT
2007-04-09,29.13,29.51,29.13,29.13,66110,DCT
2007-04-10,29.82,29.9,29.51,29.9,50870,DCT
2007-04-11,29.51,29.51,29.13,29.13,35080,DCT
2007-04-12,28.36,28.36,27.75,27.75,74750,DCT
2007-04-13,26.37,26.37,26.37,26.37,117490,DCT
2007-04-16,25.07,25.07,25.07,25.07,25230,DCT
2007-04-17,23.84,23.84,23.84,23.84,14250,DCT
2007-04-18,22.69,24.99,22.69,24.99,114200,DCT
2007-04-19,26.22,26.22,25.3,25.3,199760,DCT
2007-04-20,24.53,24.53,24.07,24.38,64760,DCT
2007-04-23,23.76,23.76,23.23,23.38,34540,DCT
2007-04-24,23.0,23.38,23.0,23.38,72340,DCT
2007-04-25,24.07,24.53,24.07,24.53,57070,DCT
2007-05-02,23.76,23.76,23.76,23.76,34530,DCT
2007-05-03,23.76,23.76,23.76,23.76,46100,DCT
2007-05-04,23.76,23.76,23.76,23.76,39920,DCT
2007-05-07,23.99,24.53,23.99,24.53,48360,DCT
2007-05-08,25.3,25.68,25.3,25.68,94830,DCT
2007-05-09,25.3,25.3,24.91,24.91,50070,DCT
2007-05-10,24.91,24.91,24.15,24.53,28470,DCT
2007-05-11,23.92,24.53,23.92,24.53,64620,DCT
2007-05-14,24.76,25.3,24.76,25.3,51130,DCT
2007-05-15,26.14,26.14,25.3,25.3,93430,DCT
2007-05-16,25.3,25.3,25.3,25.3,59570,DCT
2007-05-17,25.14,25.3,25.14,25.3,40690,DCT
2007-05-18,25.3,25.3,24.91,24.99,42090,DCT
2007-05-21,24.76,24.91,24.76,24.91,74570,DCT
2007-05-22,25.3,26.14,25.3,26.14,97040,DCT
2007-05-23,27.44,27.44,27.44,27.44,90890,DCT
2007-05-24,27.44,27.44,26.45,26.45,141350,DCT
2007-05-25,26.22,26.83,26.22,26.83,56610,DCT
2007-05-28,26.6,26.6,26.06,26.06,65100,DCT
2007-05-29,26.06,26.06,25.3,25.3,54920,DCT
2007-05-30,25.3,25.3,24.91,24.91,54560,DCT
2007-05-31,25.3,25.53,25.3,25.53,55630,DCT
2007-06-01,26.06,26.06,25.53,25.53,47490,DCT
2007-06-04,25.3,25.3,24.53,24.53,41700,DCT
2007-06-05,24.91,24.91,24.53,24.53,66410,DCT
2007-06-06,24.53,25.76,24.53,25.76,39050,DCT
2007-06-07,26.06,26.06,25.76,25.83,80530,DCT
2007-06-08,25.68,25.68,25.68,25.68,57270,DCT
2007-06-11,25.3,25.68,25.3,25.3,59490,DCT
2007-06-12,25.3,25.3,25.14,25.3,36580,DCT
2007-06-13,25.3,25.68,25.3,25.3,66680,DCT
2007-06-14,25.3,25.3,25.07,25.3,42690,DCT
2007-06-15,25.3,25.3,25.07,25.07,64860,DCT
2007-06-18,25.07,25.37,25.07,25.37,34060,DCT
2007-06-19,25.91,25.91,25.68,25.68,93780,DCT
2007-06-20,25.91,25.91,25.68,25.83,76400,DCT
2007-06-21,25.99,25.99,25.83,25.83,95940,DCT
2007-06-22,25.68,25.68,25.3,25.3,33290,DCT
2007-06-25,25.3,25.45,25.3,25.45,38500,DCT
2007-06-26,26.45,26.45,26.06,26.06,115560,DCT
2007-06-27,26.06,26.06,25.45,25.45,53460,DCT
2007-06-28,25.3,25.3,25.07,25.07,32040,DCT
2007-06-29,25.07,25.3,25.07,25.07,34450,DCT
2007-07-02,25.07,25.07,23.84,23.84,31030,DCT
2007-07-03,22.84,23.0,22.77,23.0,62870,DCT
2007-07-04,23.0,24.15,23.0,24.15,62780,DCT
2007-07-05,23.53,23.53,23.38,23.53,61980,DCT
2007-07-06,23.53,23.76,23.53,23.53,25760,DCT
2007-07-09,23.53,23.76,23.53,23.76,38330,DCT
2007-07-10,24.15,24.15,24.07,24.15,28350,DCT
2007-07-11,24.53,24.53,24.3,24.3,56730,DCT
2007-07-12,23.84,23.84,23.76,23.76,34250,DCT
2007-07-13,24.07,24.07,23.76,23.76,22130,DCT
2007-07-16,23.53,23.53,23.38,23.38,51950,DCT
2007-07-17,23.3,24.07,23.3,24.07,40130,DCT
2007-07-18,23.76,23.76,23.61,23.61,47310,DCT
2007-07-19,23.46,23.69,23.46,23.69,51200,DCT
2007-07-20,24.15,24.84,24.15,24.84,100080,DCT
2007-07-23,26.06,26.06,25.3,25.3,165390,DCT
2007-07-24,24.91,24.91,24.68,24.68,57260,DCT
2007-07-25,23.99,24.38,23.99,24.15,22450,DCT
2007-07-26,23.92,23.92,23.61,23.61,29960,DCT
2007-07-27,23.61,23.69,23.61,23.69,57460,DCT
2007-07-30,23.23,23.46,23.0,23.0,30700,DCT
2007-07-31,22.61,22.69,22.61,22.69,42750,DCT
2007-08-01,22.61,23.61,22.69,23.61,30550,DCT
2007-08-02,23.76,23.76,23.07,23.15,56500,DCT
2007-08-03,23.15,23.15,22.77,22.77,17730,DCT
2007-08-06,22.54,22.61,22.31,22.54,45990,DCT
2007-08-07,22.38,22.69,22.38,22.69,33430,DCT
2007-08-08,22.84,22.77,22.61,22.61,20080,DCT
2007-08-09,22.38,22.77,22.38,22.77,40930,DCT
2007-08-10,22.77,22.77,22.31,22.61,34900,DCT
2007-08-13,22.23,22.54,22.23,22.23,16040,DCT
2007-08-14,22.31,22.69,22.23,22.31,12640,DCT
2007-08-15,20.7,20.7,20.31,22.23,28610,DCT
2007-08-16,20.02,20.23,20.02,22.46,49710,DCT
2007-08-17,22.31,24.53,22.31,22.0,16650,DCT
2007-08-20,21.92,22.0,21.85,21.85,22900,DCT
2007-08-21,21.85,21.85,21.46,21.85,41870,DCT
2007-08-22,21.46,21.85,21.46,21.46,36520,DCT
2007-08-23,21.31,21.46,21.16,21.31,31850,DCT
2007-08-24,21.46,21.77,21.46,21.46,32820,DCT
2007-08-27,21.77,21.77,21.62,21.77,17710,DCT
2007-08-28,21.77,21.92,21.46,21.77,22620,DCT
2007-08-29,21.46,21.77,21.46,21.46,33910,DCT
2007-08-30,21.69,21.69,21.39,21.69,17890,DCT
2007-08-31,21.62,21.77,21.62,21.62,16960,DCT
2007-09-04,21.62,21.92,21.62,21.92,36550,DCT
2007-09-05,22.23,22.23,21.92,21.92,33000,DCT
2007-09-06,21.92,22.0,21.85,21.92,29830,DCT
2007-09-07,22.0,22.15,22.0,22.15,62340,DCT
2007-09-10,22.31,22.46,21.85,22.23,109050,DCT
2007-09-11,23.15,23.3,23.15,23.3,68340,DCT
2007-09-12,24.45,24.45,23.3,23.76,184500,DCT
2007-09-13,23.07,23.15,23.0,23.07,44290,DCT
2007-09-14,23.0,23.23,22.84,23.07,56510,DCT
2007-09-17,23.07,23.07,23.0,23.07,45170,DCT
2007-09-18,23.07,23.07,22.77,22.92,34760,DCT
2007-09-19,23.0,23.38,23.0,23.07,41770,DCT
2007-09-20,23.53,23.53,23.38,23.38,40920,DCT
2007-09-21,23.38,23.38,23.0,23.23,41070,DCT
2007-09-24,23.61,23.76,23.38,23.76,38720,DCT
2007-09-25,24.91,24.91,24.91,24.91,52040,DCT
2007-09-26,26.14,26.14,25.3,26.14,353070,DCT
2007-09-27,25.99,25.99,25.3,25.68,124640,DCT
2007-09-28,26.06,26.37,26.06,26.22,120780,DCT
2007-10-01,26.22,26.83,26.22,26.83,124670,DCT
2007-10-02,26.83,26.83,25.68,26.06,131800,DCT
2007-10-03,26.06,26.06,25.37,25.68,75370,DCT
2007-10-04,25.68,26.45,25.68,26.06,112460,DCT
2007-10-05,26.45,26.45,26.06,26.06,134160,DCT
2007-10-08,26.29,26.68,26.06,26.29,156540,DCT
2007-10-09,26.29,26.52,25.3,26.06,99260,DCT
2007-10-10,25.3,26.06,25.3,25.3,150100,DCT
2007-10-11,26.06,26.06,25.3,25.45,225670,DCT
2007-10-12,23.84,23.84,23.61,23.76,159340,DCT
2007-10-15,23.76,23.76,23.46,23.76,120600,DCT
2007-10-16,23.92,24.45,23.92,24.45,95230,DCT
2007-10-17,25.3,25.6,24.91,25.6,156320,DCT
2007-10-18,26.83,26.83,26.83,26.83,470380,DCT
2007-10-19,25.53,25.99,25.53,25.68,102530,DCT
2007-10-22,25.3,25.3,24.91,24.91,75580,DCT
2007-10-23,24.15,24.45,24.15,24.38,70910,DCT
2007-10-24,24.22,25.14,24.07,25.14,60000,DCT
2007-10-25,24.15,25.14,24.15,24.53,63160,DCT
2007-10-26,24.53,24.53,24.22,24.38,65590,DCT
2007-10-29,24.53,24.53,24.22,24.53,77780,DCT
2007-10-30,24.15,24.38,24.15,24.3,50290,DCT
2007-10-31,23.84,24.07,23.84,23.92,36960,DCT
2007-11-01,23.92,24.53,23.92,23.92,42720,DCT
2007-11-02,23.3,23.76,23.15,23.53,58810,DCT
2007-11-05,23.0,23.0,22.61,23.0,62840,DCT
2007-11-06,22.61,23.0,22.61,22.61,78650,DCT
2007-11-07,22.61,23.0,22.61,23.0,71890,DCT
2007-11-08,22.84,23.23,22.84,23.15,65950,DCT
2007-11-09,23.0,23.15,22.77,22.77,26460,DCT
2007-11-12,22.23,22.38,21.85,21.85,19680,DCT
2007-11-13,21.62,21.62,21.08,21.39,41920,DCT
2007-11-14,21.08,22.38,21.08,22.08,51000,DCT
2007-11-15,22.08,22.15,21.46,21.46,38870,DCT
2007-11-16,21.08,21.39,21.08,21.39,32500,DCT
2007-11-19,21.16,21.85,21.16,21.46,32140,DCT
2007-11-20,21.46,21.85,21.46,21.62,58410,DCT
2007-11-21,21.62,21.62,21.0,21.46,50550,DCT
2007-11-22,21.46,21.69,21.46,21.62,25500,DCT
2007-11-23,21.69,21.85,21.62,21.85,31590,DCT
2007-11-26,22.08,22.84,21.92,22.84,59490,DCT
2007-11-27,23.0,23.38,22.23,22.61,34760,DCT
2007-11-28,22.23,22.61,22.23,22.54,13150,DCT
2007-11-29,22.61,22.61,22.23,22.23,24480,DCT
2007-11-30,22.23,22.23,22.08,22.08,32030,DCT
2007-12-03,21.69,22.08,21.69,21.69,21960,DCT
2007-12-04,21.69,22.23,21.69,21.85,35150,DCT
2007-12-05,21.69,21.85,21.69,21.77,22680,DCT
2007-12-06,22.0,22.0,21.77,21.85,22300,DCT
2007-12-07,21.92,22.23,21.85,21.85,20680,DCT
2007-12-10,21.69,21.69,21.62,21.62,16540,DCT
2007-12-11,21.08,21.31,21.08,21.31,14110,DCT
2007-12-12,21.23,21.92,21.23,21.85,19360,DCT
2007-12-13,21.85,21.85,21.46,21.46,13970,DCT
2007-12-14,21.46,21.46,21.16,21.31,5930,DCT
2007-12-17,21.31,21.31,20.85,20.93,13890,DCT
2007-12-18,20.85,20.85,20.54,20.77,22690,DCT
2007-12-19,21.31,21.77,21.0,21.77,18820,DCT
2007-12-20,21.46,21.85,21.08,21.31,12610,DCT
2007-12-21,21.46,21.54,21.39,21.54,16510,DCT
2007-12-24,21.46,21.54,21.16,21.31,11000,DCT
2007-12-25,21.0,21.16,21.0,21.0,13050,DCT
2007-12-26,20.93,21.16,20.93,21.0,11470,DCT
2007-12-27,21.08,21.31,21.08,21.08,9830,DCT
2007-12-28,21.0,21.08,20.85,21.08,5350,DCT
2008-01-02,20.93,20.93,20.77,20.93,7450,DCT
2008-01-03,20.7,20.7,20.7,20.7,4400,DCT
2008-01-04,20.7,20.7,20.54,20.62,11130,DCT
2008-01-07,20.62,20.62,20.16,20.31,5590,DCT
2008-01-08,20.01,20.7,20.01,20.31,16060,DCT
2008-01-09,20.01,20.08,19.55,19.55,20000,DCT
2008-01-10,18.86,19.16,18.78,18.78,24500,DCT
2008-01-11,18.47,19.47,18.63,18.78,46050,DCT
2008-01-14,18.01,18.78,18.01,18.01,24920,DCT
2008-01-15,17.32,17.4,17.17,17.17,103330,DCT
2008-01-16,18.01,18.01,17.63,18.01,29090,DCT
2008-01-17,18.4,18.63,17.25,17.25,56130,DCT
2008-01-18,17.25,17.78,17.25,17.71,33060,DCT
2008-01-21,17.63,17.71,17.32,17.63,50730,DCT
2008-01-22,17.63,17.63,17.25,17.25,36770,DCT
2008-01-23,17.17,17.17,16.48,16.86,33420,DCT
2008-01-24,17.63,17.63,16.1,16.25,51630,DCT
2008-01-25,16.71,17.02,16.63,17.02,56090,DCT
2008-01-28,17.86,17.86,17.4,17.63,55510,DCT
2008-01-29,17.63,18.4,17.63,17.94,40450,DCT
2008-01-30,18.78,18.78,18.78,18.78,43160,DCT
2008-01-31,19.55,19.55,18.4,19.16,118710,DCT
2008-02-01,20.01,20.08,19.85,20.08,118340,DCT
2008-02-12,20.7,20.7,20.31,20.47,79490,DCT
2008-02-13,20.39,20.39,19.62,19.78,69900,DCT
2008-02-14,18.78,19.55,18.78,19.24,84910,DCT
2008-02-15,18.78,18.86,18.4,18.47,50490,DCT
2008-02-18,17.55,17.78,17.55,17.63,61610,DCT
2008-02-19,17.63,17.94,17.55,17.94,43190,DCT
2008-02-20,17.94,17.94,17.25,17.25,50830,DCT
2008-02-21,16.63,16.63,16.4,16.4,119560,DCT
2008-02-22,15.64,16.56,15.64,16.56,74410,DCT
2008-02-25,17.17,17.32,17.17,17.32,34930,DCT
2008-02-26,17.48,17.48,16.48,16.48,44640,DCT
2008-02-27,16.1,16.86,16.1,16.48,44500,DCT
2008-02-28,16.48,16.86,16.17,16.48,76530,DCT
2008-02-29,16.48,16.48,15.72,15.72,71020,DCT
2008-03-03,15.1,15.33,14.95,14.95,91800,DCT
2008-03-04,14.26,14.26,14.26,14.26,38180,DCT
2008-03-05,13.57,13.72,13.57,13.57,104080,DCT
2008-03-06,14.18,14.18,14.18,14.18,9650,DCT
2008-03-07,14.87,14.87,14.87,14.87,6410,DCT
2008-03-10,15.56,15.56,15.56,15.56,50730,DCT
2008-03-11,15.56,15.56,14.8,14.8,69150,DCT
2008-03-12,14.57,15.49,14.57,15.33,70720,DCT
2008-03-13,15.72,15.72,15.33,15.33,33510,DCT
2008-03-14,14.72,15.33,14.72,15.03,18560,DCT
2008-03-17,14.41,14.49,14.34,14.34,46160,DCT
2008-03-18,13.65,13.65,13.65,13.65,49410,DCT
2008-03-19,13.65,14.26,13.03,13.03,104850,DCT
2008-03-20,13.03,13.42,12.65,12.65,88480,DCT
2008-03-21,12.65,12.96,12.27,12.42,44620,DCT
2008-03-24,11.81,11.88,11.81,11.81,68340,DCT
2008-03-25,11.27,11.27,11.27,11.27,17310,DCT
2008-03-26,10.89,11.81,10.89,11.81,96950,DCT
2008-03-27,11.88,11.88,11.88,11.88,4580,DCT
2008-03-28,11.96,11.96,11.96,11.96,12440,DCT
2008-03-31,12.04,12.04,12.04,12.04,9150,DCT
2008-04-01,12.11,12.11,12.11,12.11,1220,DCT
2008-04-02,12.19,12.19,12.19,12.19,20,DCT
2008-04-03,12.27,12.27,12.27,12.27,700,DCT
2008-04-04,12.34,12.34,12.34,12.34,3060,DCT
2008-04-07,12.57,12.57,12.57,12.57,1870,DCT
2008-04-08,12.8,12.8,12.34,12.8,136660,DCT
2008-04-09,12.57,12.73,12.57,12.57,60190,DCT
2008-04-10,12.34,12.42,12.34,12.34,68850,DCT
2008-04-11,12.11,12.11,12.11,12.11,64800,DCT
2008-04-16,11.88,11.96,11.88,11.88,31410,DCT
2008-04-17,11.65,12.11,11.65,12.11,29810,DCT
2008-04-18,12.19,12.19,11.88,11.88,22650,DCT
2008-04-21,11.81,11.88,11.73,11.73,31170,DCT
2008-04-22,11.58,11.88,11.5,11.88,9880,DCT
2008-04-23,11.65,11.81,11.65,11.73,27940,DCT
2008-04-24,11.73,11.88,11.58,11.81,18090,DCT
2008-04-25,11.96,11.96,11.73,11.88,8610,DCT
2008-04-28,11.65,12.04,11.65,12.04,21900,DCT
2008-04-29,12.11,12.19,12.04,12.11,50930,DCT
2008-05-05,11.88,11.96,11.88,11.88,48820,DCT
2008-05-06,11.65,11.65,11.65,11.65,70,DCT
2008-05-07,11.42,11.42,11.42,11.42,1320,DCT
2008-05-08,11.27,11.27,11.27,11.27,1000,DCT
2008-05-09,11.12,11.12,11.12,11.12,2380,DCT
2008-05-12,10.96,10.96,10.96,10.96,700,DCT
2008-05-13,10.81,10.81,10.81,10.81,4550,DCT
2008-05-14,10.66,10.66,10.66,10.66,2410,DCT
2008-05-15,10.5,10.5,10.5,10.5,3200,DCT
2008-05-16,10.35,10.66,10.35,10.35,25470,DCT
2008-05-19,10.2,10.2,10.2,10.2,740,DCT
2008-05-20,10.04,10.04,10.04,10.04,3440,DCT
2008-05-21,9.89,9.89,9.89,9.89,1300,DCT
2008-05-22,9.74,9.74,9.74,9.74,8700,DCT
2008-05-23,9.74,9.74,9.58,9.58,1940,DCT
2008-05-26,9.43,9.43,9.43,9.43,10,DCT
2008-05-30,9.28,9.28,9.28,9.28,1200,DCT
2008-06-02,9.12,9.12,9.12,9.12,670,DCT
2008-06-03,8.97,8.97,8.97,8.97,600,DCT
2008-06-04,8.82,8.82,8.82,8.82,20,DCT
2008-06-05,8.66,8.66,8.66,8.66,800,DCT
2008-06-06,8.51,8.51,8.51,8.51,10,DCT
2008-06-09,8.36,8.36,8.36,8.36,200,DCT
2008-06-10,8.2,8.2,8.2,8.2,300,DCT
2008-06-11,8.05,8.36,8.05,8.05,66940,DCT
2008-06-12,8.2,8.2,8.05,8.2,40770,DCT
2008-06-13,8.36,8.36,8.36,8.36,37000,DCT
2008-06-16,8.51,8.51,8.36,8.51,25730,DCT
2008-06-17,8.66,8.66,8.66,8.66,9560,DCT
2008-06-18,8.82,8.82,8.51,8.51,93720,DCT
2008-06-19,8.28,8.28,8.28,8.28,8020,DCT
2008-06-20,8.05,8.05,8.05,8.05,5520,DCT
2008-06-23,7.82,8.28,7.82,8.2,48650,DCT
2008-06-24,7.97,8.2,7.97,8.2,39320,DCT
2008-06-25,8.2,8.28,8.05,8.28,49320,DCT
2008-06-26,8.43,8.43,8.05,8.05,11390,DCT
2008-06-27,7.82,8.05,7.82,8.05,23960,DCT
2008-06-30,7.82,8.05,7.82,8.05,12820,DCT
2008-07-01,8.05,8.28,7.97,8.28,82010,DCT
2008-07-02,8.43,8.43,8.05,8.28,69500,DCT
2008-07-03,8.28,8.51,8.28,8.51,96220,DCT
2008-07-04,8.74,8.74,8.74,8.74,35550,DCT
2008-07-07,8.97,8.97,8.51,8.51,119420,DCT
2008-07-08,8.36,8.74,8.28,8.74,105170,DCT
2008-07-09,8.66,8.82,8.59,8.66,61920,DCT
2008-07-10,8.59,8.89,8.59,8.89,67470,DCT
2008-07-11,9.12,9.12,9.12,9.12,51640,DCT
2008-07-14,9.35,9.35,9.35,9.35,61290,DCT
2008-07-15,9.58,9.58,9.58,9.58,39960,DCT
2008-07-16,9.43,9.58,9.35,9.58,132540,DCT
2008-07-17,9.58,9.58,9.35,9.35,46360,DCT
2008-07-18,9.12,9.2,9.12,9.12,63770,DCT
2008-07-21,8.89,8.89,8.89,8.89,8670,DCT
2008-07-22,8.66,8.66,8.66,8.66,660,DCT
2008-07-23,8.43,8.43,8.43,8.43,160,DCT
2008-07-24,8.2,8.43,8.2,8.2,76740,DCT
2008-07-25,8.13,8.2,7.97,8.2,52500,DCT
2008-07-28,8.2,8.36,8.2,8.28,66480,DCT
2008-07-29,8.28,8.36,8.05,8.05,43550,DCT
2008-07-30,7.97,8.05,7.82,7.82,46290,DCT
2008-07-31,7.82,7.9,7.74,7.82,54430,DCT
2008-08-01,7.97,8.05,7.9,8.05,125540,DCT
2008-08-04,8.28,8.28,7.97,8.28,196530,DCT
2008-08-05,8.51,8.51,8.36,8.43,206290,DCT
2008-08-06,8.43,8.51,8.28,8.28,110230,DCT
2008-08-07,8.36,8.36,8.2,8.28,63730,DCT
2008-08-08,8.28,8.28,8.05,8.13,66340,DCT
2008-08-11,8.36,8.36,8.2,8.36,192450,DCT
2008-08-12,8.59,8.59,8.36,8.43,272800,DCT
2008-08-13,8.28,8.36,8.2,8.36,131630,DCT
2008-08-14,8.36,8.59,8.28,8.59,291690,DCT
2008-08-15,8.82,8.82,8.82,8.82,119480,DCT
2008-08-18,9.2,9.2,9.2,9.2,137360,DCT
2008-08-19,9.2,9.28,8.74,8.74,177920,DCT
2008-08-20,8.36,8.66,8.36,8.36,116800,DCT
2008-08-21,8.36,8.74,8.36,8.74,64560,DCT
2008-08-22,9.12,9.12,8.82,9.12,332390,DCT
2008-08-25,9.51,9.51,9.51,9.51,30580,DCT
2008-08-26,9.97,9.97,9.97,9.97,34050,DCT
2008-08-27,10.43,10.43,10.43,10.43,68100,DCT
2008-08-28,9.97,10.35,9.97,9.97,335390,DCT
2008-08-29,10.35,10.43,9.66,10.43,280420,DCT
2008-09-03,10.89,10.89,10.89,10.89,31050,DCT
2008-09-04,11.42,11.42,10.89,11.42,517680,DCT
2008-09-05,11.96,11.96,11.96,11.96,101310,DCT
2008-09-08,11.42,11.5,11.42,11.5,446070,DCT
2008-09-09,12.04,12.04,11.65,12.04,418470,DCT
2008-09-10,11.65,11.73,11.5,11.5,229370,DCT
2008-09-11,10.96,10.96,10.96,10.96,20750,DCT
2008-09-12,10.43,10.43,10.43,10.43,8170,DCT
2008-09-15,9.97,10.81,9.97,9.97,254430,DCT
2008-09-16,9.51,9.51,9.51,9.51,38110,DCT
2008-09-17,9.05,9.2,9.05,9.05,162360,DCT
2008-09-18,8.66,8.66,8.66,8.66,98010,DCT
2008-09-19,9.05,9.05,9.05,9.05,66320,DCT
2008-09-22,9.43,9.43,9.43,9.43,3200,DCT
2008-09-23,9.74,9.89,9.2,9.35,299280,DCT
2008-09-24,9.28,9.51,9.05,9.35,109000,DCT
2008-09-25,9.58,9.81,9.51,9.81,98830,DCT
2008-09-26,10.27,10.27,9.58,9.97,105990,DCT
2008-09-29,9.66,10.04,9.58,9.58,77090,DCT
2008-09-30,9.12,9.12,9.12,9.12,8070,DCT
2008-10-01,8.82,9.2,8.82,9.2,42130,DCT
2008-10-02,9.2,9.66,8.74,9.58,76690,DCT
2008-10-03,9.2,9.58,9.2,9.2,21950,DCT
2008-10-06,9.05,9.12,8.74,8.74,85770,DCT
2008-10-07,8.36,8.59,8.36,8.36,110300,DCT
2008-10-08,8.36,8.66,8.36,8.43,38910,DCT
2008-10-09,8.28,8.82,8.28,8.43,64970,DCT
2008-10-10,8.2,8.36,8.05,8.05,60130,DCT
2008-10-13,8.43,8.43,7.67,8.28,54580,DCT
2008-10-14,8.66,8.66,8.66,8.66,28910,DCT
2008-10-15,8.74,8.74,8.36,8.74,64110,DCT
2008-10-16,8.36,8.51,8.36,8.36,24500,DCT
2008-10-17,8.2,8.43,8.2,8.36,12950,DCT
2008-10-20,8.43,8.43,8.13,8.2,18230,DCT
2008-10-21,8.36,8.36,8.13,8.28,34440,DCT
2008-10-22,8.13,8.28,8.05,8.28,26270,DCT
2008-10-23,7.97,8.05,7.9,7.9,54630,DCT
2008-10-24,7.74,7.9,7.67,7.9,42290,DCT
2008-10-27,7.59,7.59,7.51,7.51,60870,DCT
2008-10-28,7.21,7.67,7.21,7.67,27790,DCT
2008-10-29,8.05,8.05,7.59,7.97,70320,DCT
2008-10-30,7.74,8.05,7.67,7.97,24750,DCT
2008-10-31,7.74,7.82,7.67,7.74,40230,DCT
2008-11-03,7.51,7.67,7.51,7.59,20340,DCT
2008-11-04,7.59,7.82,7.59,7.82,42490,DCT
2008-11-05,8.05,8.13,7.82,8.05,65530,DCT
2008-11-06,7.67,7.9,7.67,7.67,45550,DCT
2008-11-07,7.44,7.67,7.36,7.44,33360,DCT
2008-11-10,7.67,7.67,7.44,7.51,14050,DCT
2008-11-11,7.36,7.36,7.21,7.21,51030,DCT
2008-11-12,6.98,7.21,6.98,7.05,27990,DCT
2008-11-13,6.98,7.21,6.98,7.21,15210,DCT
2008-11-14,7.44,7.44,7.21,7.36,11610,DCT
2008-11-17,7.36,7.36,7.13,7.13,17390,DCT
2008-11-18,7.28,7.28,7.05,7.28,19560,DCT
2008-11-19,7.36,7.36,7.05,7.21,27590,DCT
2008-11-20,7.05,7.05,6.9,6.98,83590,DCT
2008-11-21,6.9,6.9,6.82,6.9,19300,DCT
2008-11-24,7.13,7.13,6.9,6.9,35260,DCT
2008-11-25,6.98,7.05,6.9,6.9,36300,DCT
2008-11-26,6.9,6.9,6.75,6.75,29950,DCT
2008-11-27,6.75,6.75,6.67,6.67,23070,DCT
2008-11-28,6.98,6.98,6.9,6.98,21200,DCT
2008-12-01,6.98,6.98,6.75,6.98,18310,DCT
2008-12-02,6.75,6.82,6.75,6.75,5140,DCT
2008-12-03,6.75,6.75,6.59,6.75,9910,DCT
2008-12-04,6.75,6.82,6.75,6.82,8670,DCT
2008-12-05,6.59,6.59,6.52,6.52,26900,DCT
2008-12-08,6.82,6.82,6.36,6.75,70290,DCT
2008-12-09,6.75,6.9,6.75,6.75,18840,DCT
2008-12-10,6.67,6.82,6.67,6.67,38560,DCT
2008-12-11,6.59,6.67,6.52,6.59,55910,DCT
2008-12-12,6.75,6.9,6.67,6.9,42110,DCT
2008-12-15,6.52,6.59,6.36,6.59,82130,DCT
2008-12-16,6.36,6.44,6.29,6.29,20380,DCT
2008-12-17,6.13,6.29,6.13,6.13,7210,DCT
2008-12-18,6.13,6.29,6.13,6.29,23610,DCT
2008-12-19,6.21,6.36,6.21,6.36,33310,DCT
2008-12-22,6.44,6.44,6.29,6.29,13860,DCT
2008-12-23,6.21,6.21,6.06,6.21,11470,DCT
2008-12-24,6.13,6.13,5.98,6.13,19810,DCT
2008-12-25,6.13,6.13,6.06,6.13,4590,DCT
2008-12-26,5.98,6.13,5.98,6.13,13230,DCT
2008-12-29,6.13,6.13,6.06,6.06,24230,DCT
2008-12-30,6.06,6.29,6.06,6.29,25530,DCT
2008-12-31,6.13,6.36,6.13,6.21,15710,DCT
2009-01-02,6.13,6.36,6.13,6.21,21100,DCT
2009-01-05,6.21,6.29,6.21,6.21,15320,DCT
2009-01-06,6.29,6.44,6.29,6.36,27070,DCT
2009-01-07,6.67,6.67,6.44,6.44,52720,DCT
2009-01-08,6.44,6.52,6.21,6.21,97820,DCT
2009-01-09,6.21,6.36,6.21,6.36,3980,DCT
2009-01-12,6.36,6.36,6.29,6.36,8680,DCT
2009-01-13,6.21,6.44,6.21,6.29,6530,DCT
2009-01-14,6.29,6.29,6.13,6.13,15660,DCT
2009-01-15,6.06,6.29,6.06,6.13,24680,DCT
2009-01-16,6.13,6.29,6.13,6.13,18300,DCT
2009-01-19,6.06,6.29,6.06,6.06,5250,DCT
2009-01-20,6.06,6.13,5.98,6.06,10040,DCT
2009-01-21,6.13,6.13,6.06,6.13,3740,DCT
2009-01-22,6.13,6.21,6.13,6.21,2560,DCT
2009-01-23,6.06,6.29,6.06,6.06,3660,DCT
2009-02-02,6.21,6.21,5.83,6.21,21900,DCT
2009-02-03,6.06,6.13,5.9,5.9,22130,DCT
2009-02-04,5.9,6.13,5.9,6.13,12800,DCT
2009-02-05,6.06,6.06,5.9,5.9,5210,DCT
2009-02-06,6.13,6.13,5.9,5.98,8340,DCT
2009-02-09,6.13,6.13,5.98,6.13,6150,DCT
2009-02-10,6.13,6.13,5.9,6.06,6840,DCT
2009-02-11,5.9,6.06,5.9,6.06,21520,DCT
2009-02-12,5.98,5.98,5.98,5.98,8710,DCT
2009-02-13,5.98,5.98,5.98,5.98,14770,DCT
2009-02-16,5.98,6.06,5.9,6.06,9420,DCT
2009-02-17,6.06,6.06,5.9,5.98,12600,DCT
2009-02-18,5.9,5.9,5.75,5.75,44000,DCT
2009-02-19,5.83,5.9,5.75,5.83,70970,DCT
2009-02-20,5.83,5.9,5.67,5.75,80350,DCT
2009-02-23,5.6,5.75,5.52,5.52,54800,DCT
2009-02-24,5.37,5.6,5.37,5.6,12160,DCT
2009-02-25,5.67,5.83,5.52,5.83,84830,DCT
2009-02-26,5.67,5.75,5.6,5.6,18350,DCT
2009-02-27,5.6,5.75,5.6,5.67,2730,DCT
2009-03-02,5.67,5.75,5.67,5.67,7290,DCT
2009-03-03,5.67,5.67,5.52,5.52,11220,DCT
2009-03-04,5.6,5.75,5.52,5.75,4600,DCT
2009-03-05,5.75,5.83,5.67,5.75,8710,DCT
2009-03-06,5.6,5.75,5.6,5.75,19970,DCT
2009-03-09,5.6,5.75,5.6,5.67,56280,DCT
2009-03-10,5.67,5.9,5.67,5.83,126830,DCT
2009-03-11,6.06,6.06,5.98,6.06,101720,DCT
2009-03-12,5.83,6.06,5.83,5.9,21000,DCT
2009-03-13,5.9,6.06,5.9,6.06,39250,DCT
2009-03-16,5.98,6.13,5.9,6.13,52860,DCT
2009-03-17,6.21,6.29,6.13,6.13,110170,DCT
2009-03-18,6.21,6.36,6.13,6.36,68110,DCT
2009-03-19,6.06,6.29,6.06,6.06,86460,DCT
2009-03-20,5.98,6.06,5.9,5.98,33940,DCT
2009-03-23,5.98,5.98,5.75,5.75,62730,DCT
2009-03-24,5.9,5.98,5.9,5.98,58540,DCT
2009-03-25,5.98,6.06,5.9,5.98,36230,DCT
2009-03-26,6.06,6.06,5.83,5.9,73820,DCT
2009-03-27,6.06,6.13,5.98,5.98,94840,DCT
2009-03-30,5.83,5.98,5.83,5.98,19220,DCT
2009-03-31,5.83,5.98,5.83,5.98,11680,DCT
2009-04-01,6.06,6.21,5.98,6.21,148620,DCT
2009-04-02,6.52,6.52,6.21,6.52,287890,DCT
2009-04-03,6.82,6.82,6.82,6.82,203160,DCT
2009-04-07,6.98,7.05,6.82,7.05,166920,DCT
2009-04-08,6.75,6.98,6.75,6.75,163220,DCT
2009-04-09,6.75,6.75,6.44,6.52,220160,DCT
2009-04-10,6.82,6.82,6.75,6.82,201830,DCT
2009-04-13,7.13,7.13,7.13,7.13,91190,DCT
2009-04-14,7.36,7.44,6.9,7.44,511680,DCT
2009-04-15,7.44,7.44,7.21,7.21,162740,DCT
2009-04-16,7.51,7.51,7.28,7.51,377600,DCT
2009-04-17,7.82,7.82,7.21,7.51,341350,DCT
2009-04-20,7.21,7.21,7.21,7.21,36200,DCT
2009-04-21,6.9,6.9,6.9,6.9,114800,DCT
2009-04-22,7.05,7.13,6.67,6.98,210000,DCT
2009-04-23,6.82,6.98,6.67,6.67,207060,DCT
2009-04-24,6.59,6.59,6.36,6.36,356410,DCT
2009-04-27,6.67,6.67,6.44,6.67,358820,DCT
2009-04-28,6.9,6.98,6.9,6.98,280750,DCT
2009-04-29,7.05,7.28,7.05,7.28,339410,DCT
2009-05-04,7.59,7.59,7.59,7.59,127530,DCT
2009-05-05,7.9,7.9,7.67,7.67,189010,DCT
2009-05-06,7.36,7.59,7.28,7.28,366010,DCT
2009-05-07,7.44,7.51,7.28,7.51,228560,DCT
2009-05-08,7.44,7.59,7.36,7.36,168250,DCT
2009-05-11,7.36,7.36,7.21,7.28,227340,DCT
2009-05-12,7.36,7.59,7.36,7.59,278220,DCT
2009-05-13,7.9,7.9,7.67,7.9,572400,DCT
2009-05-14,7.9,7.97,7.59,7.9,400740,DCT
2009-05-15,8.2,8.28,8.05,8.28,372080,DCT
2009-05-18,8.66,8.66,8.59,8.66,412420,DCT
2009-05-19,9.05,9.05,9.05,9.05,95120,DCT
2009-05-20,9.43,9.43,9.43,9.43,68130,DCT
2009-05-21,9.89,9.89,9.89,9.89,208620,DCT
2009-05-22,9.58,10.2,9.43,9.97,1408520,DCT
2009-05-25,10.12,10.43,9.89,10.43,763550,DCT
2009-05-26,10.58,10.66,10.12,10.35,319190,DCT
2009-05-27,10.27,10.27,9.89,9.97,369150,DCT
2009-05-28,9.51,9.66,9.51,9.51,435040,DCT
2009-05-29,9.58,9.74,9.35,9.58,355050,DCT
2009-06-01,9.89,10.04,9.58,10.04,478060,DCT
2009-06-02,10.5,10.5,10.35,10.5,520550,DCT
2009-06-03,10.35,10.43,10.12,10.27,250950,DCT
2009-06-04,10.35,10.73,10.35,10.73,584910,DCT
2009-06-05,11.27,11.27,11.27,11.27,220110,DCT
2009-06-08,11.81,11.81,11.81,11.81,91940,DCT
2009-06-09,12.34,12.34,11.81,12.34,802880,DCT
2009-06-10,11.73,11.88,11.73,11.73,500200,DCT
2009-06-11,11.96,12.11,11.81,12.27,438500,DCT
2009-06-12,12.88,12.88,11.88,12.42,502400,DCT
2009-06-15,11.81,12.04,11.81,11.81,299020,DCT
2009-06-16,11.27,11.27,11.27,11.27,84310,DCT
2009-06-17,10.73,10.73,10.73,10.73,279420,DCT
2009-06-18,11.27,11.27,10.73,10.73,240910,DCT
2009-06-19,11.12,11.12,10.66,11.04,134090,DCT
2009-06-22,10.66,10.96,10.5,10.5,174800,DCT
2009-06-23,10.04,10.04,10.04,10.04,85740,DCT
2009-06-24,10.5,10.5,10.5,10.5,83050,DCT
2009-06-25,10.89,10.96,10.5,10.5,131440,DCT
2009-06-26,10.5,10.58,10.27,10.5,85460,DCT
2009-06-29,10.35,10.43,10.2,10.2,86340,DCT
2009-06-30,10.2,10.35,9.74,9.81,184480,DCT
2009-07-01,9.35,9.51,9.35,9.35,235150,DCT
2009-07-02,9.35,9.74,9.35,9.66,110990,DCT
2009-07-03,9.35,9.66,9.35,9.66,82380,DCT
2009-07-06,9.66,10.12,9.66,10.12,108980,DCT
2009-07-07,10.35,10.35,9.97,10.12,106450,DCT
2009-07-08,10.27,10.27,9.97,10.12,81210,DCT
2009-07-09,10.04,10.43,10.04,10.2,95870,DCT
2009-07-10,10.2,10.2,9.89,9.97,72280,DCT
2009-07-13,9.89,9.97,9.74,9.74,61780,DCT
2009-07-14,9.58,9.81,9.51,9.58,87590,DCT
2009-07-15,9.97,9.97,9.81,9.89,56340,DCT
2009-07-16,10.04,10.12,9.89,9.97,96330,DCT
2009-07-17,9.81,9.89,9.81,9.81,36410,DCT
2009-07-20,9.58,9.66,9.35,9.43,86460,DCT
2009-07-21,9.43,9.58,9.43,9.51,22220,DCT
2009-07-22,9.74,9.74,9.51,9.58,64970,DCT
2009-07-23,9.66,9.74,9.51,9.74,49640,DCT
2009-07-24,10.2,10.2,10.2,10.2,131480,DCT
2009-07-27,10.35,10.43,10.2,10.2,168370,DCT
2009-07-28,9.89,9.97,9.74,9.81,240900,DCT
2009-07-29,9.81,9.97,9.58,9.74,80570,DCT
2009-07-30,9.66,9.81,9.58,9.58,88790,DCT
2009-07-31,9.81,9.81,9.66,9.81,72950,DCT
2009-08-03,9.89,9.89,9.74,9.81,140500,DCT
2009-08-04,10.04,10.04,9.81,9.97,185880,DCT
2009-08-05,9.89,10.12,9.81,10.12,191890,DCT
2009-08-06,10.12,10.35,10.12,10.12,194140,DCT
2009-08-07,10.2,10.27,10.12,10.27,124120,DCT
2009-08-10,10.35,10.73,10.27,10.73,252580,DCT
2009-08-11,10.96,11.27,10.73,11.27,629440,DCT
2009-08-12,11.42,11.5,10.96,11.04,212570,DCT
2009-08-13,11.12,11.12,10.73,10.81,249870,DCT
2009-08-14,10.58,10.81,10.27,10.58,266060,DCT
2009-08-17,10.73,10.96,10.58,10.58,190190,DCT
2009-08-18,10.5,10.81,10.5,10.73,118260,DCT
2009-08-19,10.81,10.81,10.58,10.73,123380,DCT
2009-08-20,10.81,10.96,10.66,10.96,253350,DCT
2009-08-21,11.27,11.42,11.12,11.12,371780,DCT
2009-08-24,11.12,11.12,10.81,10.96,161620,DCT
2009-08-25,10.81,11.04,10.73,10.89,195510,DCT
2009-08-26,10.81,11.04,10.73,10.89,215510,DCT
2009-08-27,10.96,11.12,10.81,11.04,166490,DCT
2009-08-28,11.19,11.27,11.12,11.27,249340,DCT
2009-08-31,11.81,11.81,11.35,11.81,546120,DCT
2009-09-01,11.81,11.81,11.5,11.81,248360,DCT
2009-09-03,11.73,11.88,11.5,11.73,392580,DCT
2009-09-04,12.04,12.27,11.73,12.04,1152250,DCT
2009-09-07,11.65,11.96,11.5,11.65,294410,DCT
2009-09-08,12.19,12.19,12.04,12.19,340200,DCT
2009-09-09,12.73,12.73,12.57,12.73,823380,DCT
2009-09-10,13.34,13.34,13.34,13.34,291270,DCT
2009-09-11,13.95,13.95,12.88,13.57,1540000,DCT
2009-09-14,13.34,13.34,12.96,12.96,806460,DCT
2009-09-15,13.03,13.19,12.73,13.03,372340,DCT
2009-09-16,13.19,13.19,12.79,12.79,271590,DCT
2009-09-17,12.63,12.79,12.55,12.63,270870,DCT
2009-09-18,12.63,12.87,12.55,12.55,236870,DCT
2009-09-21,12.71,12.79,12.55,12.71,308260,DCT
2009-09-22,12.95,13.03,12.63,12.95,256840,DCT
2009-09-23,13.11,13.19,12.87,12.95,272890,DCT
2009-09-24,12.95,12.95,12.63,12.87,215360,DCT
2009-09-25,12.55,12.87,12.31,12.79,250750,DCT
2009-09-28,12.79,13.03,12.63,12.63,354360,DCT
2009-09-29,12.63,12.95,12.63,12.95,558710,DCT
2009-09-30,13.59,13.59,13.43,13.59,1191720,DCT
2009-10-01,14.23,14.23,13.75,14.23,863790,DCT
2009-10-02,13.67,13.91,13.59,13.59,490990,DCT
2009-10-05,13.59,13.67,12.95,13.43,491950,DCT
2009-10-06,13.51,13.51,13.03,13.19,219350,DCT
2009-10-07,13.43,13.51,13.19,13.35,336470,DCT
2009-10-08,13.19,13.35,13.19,13.35,225100,DCT
2009-10-09,13.59,13.99,13.51,13.99,637770,DCT
2009-10-12,14.63,14.63,14.63,14.63,312900,DCT
2009-10-13,15.35,15.35,14.39,15.19,1660630,DCT
2009-10-14,15.19,15.59,14.63,15.51,619450,DCT
2009-10-15,15.91,15.91,14.79,15.19,498780,DCT
2009-10-16,15.19,15.91,14.87,15.91,613540,DCT
2009-10-19,16.63,16.63,16.15,16.63,1052700,DCT
2009-10-20,17.43,17.43,17.27,17.43,406630,DCT
2009-10-21,18.23,18.23,17.43,18.23,890430,DCT
2009-10-22,18.39,18.79,17.75,18.07,630460,DCT
2009-10-23,17.59,17.99,17.19,17.19,547670,DCT
2009-10-26,16.39,17.03,16.39,16.39,508650,DCT
2009-10-27,15.59,15.59,15.59,15.59,247860,DCT
2009-10-28,15.43,15.99,15.35,15.35,314860,DCT
2009-10-29,14.63,14.79,14.63,14.63,400550,DCT
2009-10-30,15.27,15.35,14.87,15.35,301630,DCT
2009-11-02,15.03,15.03,14.63,14.63,250660,DCT
2009-11-03,14.15,14.79,13.91,13.91,419830,DCT
2009-11-04,13.51,14.55,13.51,13.75,170270,DCT
2009-11-05,13.99,14.39,13.75,14.39,141000,DCT
2009-11-06,15.11,15.11,14.39,14.39,195690,DCT
2009-11-09,14.07,14.31,13.67,13.67,220500,DCT
2009-11-10,13.99,13.99,13.11,13.19,111620,DCT
2009-11-11,13.19,13.83,12.79,13.83,169580,DCT
2009-11-12,14.07,14.47,13.99,14.23,138350,DCT
2009-11-13,13.83,14.23,13.75,14.23,107620,DCT
2009-11-16,14.15,14.39,14.07,14.15,109120,DCT
2009-11-17,14.15,14.23,13.83,13.91,147840,DCT
2009-11-18,13.99,13.99,13.75,13.99,113120,DCT
2009-11-19,14.15,14.39,13.99,14.39,207340,DCT
2009-11-20,14.23,14.55,14.07,14.23,153070,DCT
2009-11-23,14.23,14.23,13.59,13.59,142390,DCT
2009-11-24,13.59,13.67,13.11,13.27,191250,DCT
2009-11-25,13.19,13.19,12.63,12.63,263800,DCT
2009-11-26,12.07,12.07,12.07,12.07,69230,DCT
2009-11-27,11.51,12.63,11.51,12.39,233720,DCT
2009-11-30,12.47,12.79,12.31,12.79,86930,DCT
2009-12-01,13.11,13.19,12.79,12.79,130460,DCT
2009-12-02,12.47,12.79,12.15,12.15,86140,DCT
2009-12-03,11.91,12.15,11.67,11.83,72860,DCT
2009-12-04,12.15,12.23,11.83,12.07,80310,DCT
2009-12-07,12.15,12.23,11.99,12.23,48910,DCT
2009-12-08,12.23,12.23,11.83,11.91,47380,DCT
2009-12-09,11.35,11.59,11.35,11.35,227080,DCT
2009-12-10,11.27,11.35,10.79,10.79,188870,DCT
2009-12-11,10.39,10.71,10.31,10.31,106160,DCT
2009-12-14,10.31,10.79,10.31,10.79,120480,DCT
2009-12-15,10.79,10.87,10.39,10.63,133300,DCT
2009-12-16,10.39,10.39,10.15,10.15,49780,DCT
2009-12-17,9.67,9.75,9.67,9.67,159330,DCT
2009-12-18,9.75,10.15,9.75,10.15,109070,DCT
2009-12-21,10.55,10.63,10.31,10.63,87090,DCT
2009-12-22,10.63,11.03,10.55,10.55,72590,DCT
2009-12-23,10.39,10.79,10.39,10.79,89890,DCT
2009-12-24,10.79,10.87,10.47,10.87,83020,DCT
2009-12-25,11.19,11.35,11.19,11.35,371230,DCT
2009-12-28,11.19,11.91,11.03,11.27,106910,DCT
2009-12-29,11.27,11.51,10.87,10.87,86900,DCT
2009-12-30,10.87,11.35,10.87,11.35,239140,DCT
2009-12-31,11.83,11.91,11.75,11.91,363240,DCT
2010-01-04,12.47,12.47,12.47,12.47,57390,DCT
2010-01-05,13.03,13.03,12.47,13.03,189410,DCT
2010-01-06,12.47,13.19,12.47,12.79,142770,DCT
2010-01-07,12.71,13.03,12.15,12.95,253540,DCT
2010-01-08,13.35,13.35,12.63,12.63,223710,DCT
2010-01-11,12.63,12.63,12.47,12.63,126230,DCT
2010-01-12,12.63,12.63,12.15,12.15,127100,DCT
2010-01-13,11.91,12.55,11.59,11.99,169430,DCT
2010-01-14,12.39,12.47,12.07,12.47,122380,DCT
2010-01-15,12.47,12.47,11.99,12.07,66270,DCT
2010-01-18,11.75,11.75,11.51,11.51,202220,DCT
2010-01-19,11.75,11.99,11.51,11.51,51130,DCT
2010-01-20,11.59,11.67,11.03,11.19,110050,DCT
2010-01-21,10.63,11.19,10.63,10.63,112810,DCT
2010-01-22,10.87,11.03,10.63,10.79,78560,DCT
2010-01-25,10.79,11.19,10.79,11.11,47000,DCT
2010-01-26,11.19,11.59,11.19,11.59,87880,DCT
2010-01-27,11.59,11.59,11.19,11.43,21310,DCT
2010-01-28,11.27,11.27,10.95,10.95,51010,DCT
2010-01-29,10.95,10.95,10.79,10.79,60280,DCT
2010-02-01,10.79,10.95,10.79,10.95,88270,DCT
2010-02-02,10.87,11.11,10.87,10.87,46080,DCT
2010-02-03,10.87,11.03,10.87,10.87,26500,DCT
2010-02-04,11.03,11.03,10.87,10.87,58580,DCT
2010-02-05,10.71,10.95,10.71,10.71,21700,DCT
2010-02-08,11.03,11.03,10.79,10.79,14010,DCT
2010-02-09,10.87,11.03,10.71,11.03,87270,DCT
2010-02-10,11.11,11.11,10.95,11.11,12940,DCT
2010-02-11,10.95,11.19,10.95,11.11,15550,DCT
2010-02-12,11.11,11.19,10.95,11.19,32490,DCT
2010-02-22,11.35,11.35,10.95,11.35,27260,DCT
2010-02-23,11.03,11.03,10.87,11.03,21500,DCT
2010-02-24,11.11,11.11,10.71,11.03,17830,DCT
2010-02-25,11.03,11.19,11.03,11.03,27710,DCT
2010-02-26,11.11,11.11,10.95,11.11,26890,DCT
2010-03-01,11.19,11.27,11.11,11.11,42810,DCT
2010-03-02,11.19,11.19,11.03,11.19,41620,DCT
2010-03-03,11.35,11.75,11.27,11.75,174920,DCT
2010-03-04,12.15,12.23,11.83,11.99,125700,DCT
2010-03-05,11.75,12.23,11.75,12.07,157700,DCT
2010-03-08,12.31,12.39,12.07,12.15,88890,DCT
2010-03-09,12.07,12.71,12.07,12.63,160700,DCT
2010-03-10,12.39,12.71,12.23,12.31,116750,DCT
2010-03-11,12.23,12.63,12.23,12.55,121500,DCT
2010-03-12,12.39,12.79,12.39,12.79,153370,DCT
2010-03-15,13.11,13.35,12.87,13.35,412640,DCT
2010-03-16,13.19,13.19,12.71,12.71,274510,DCT
2010-03-17,12.55,13.11,12.55,12.71,272300,DCT
2010-03-18,12.71,13.19,12.71,13.03,168860,DCT
2010-03-19,12.87,13.11,12.71,12.71,76050,DCT
2010-03-22,12.71,12.87,12.63,12.71,88580,DCT
2010-03-23,12.71,12.79,12.55,12.71,55080,DCT
2010-03-24,12.71,12.79,12.71,12.79,42230,DCT
2010-03-25,12.63,12.71,12.39,12.63,55160,DCT
2010-03-26,12.79,12.79,12.31,12.39,38560,DCT
2010-03-29,12.23,12.39,11.99,11.99,112980,DCT
2010-03-30,11.99,12.15,11.99,12.07,99310,DCT
2010-03-31,12.15,12.63,12.15,12.47,253610,DCT
2010-04-01,11.99,12.47,11.99,12.47,45230,DCT
2010-04-02,12.63,12.63,12.31,12.31,62950,DCT
2010-04-05,12.31,12.87,12.31,12.87,337580,DCT
2010-04-06,13.03,13.03,12.55,12.55,66730,DCT
2010-04-07,12.55,12.79,12.47,12.63,45170,DCT
2010-04-08,12.71,12.79,12.47,12.47,63870,DCT
2010-04-09,12.47,12.63,12.47,12.47,138750,DCT
2010-04-12,13.03,13.03,13.03,13.03,45270,DCT
2010-04-13,13.43,13.43,12.55,12.55,552340,DCT
2010-04-14,12.63,13.11,12.55,12.87,170300,DCT
2010-04-15,12.79,12.87,12.63,12.71,234300,DCT
2010-04-16,12.79,12.87,12.55,12.55,325650,DCT
2010-04-19,13.09,13.09,13.0,13.09,192000,DCT
2010-04-20,13.19,13.19,12.71,12.81,104400,DCT
2010-04-21,13.09,13.09,12.81,12.81,156230,DCT
2010-04-22,13.0,13.38,12.9,13.09,286600,DCT
2010-04-26,13.09,13.29,13.0,13.19,184880,DCT
2010-04-27,13.29,13.29,12.9,13.0,72160,DCT
2010-04-28,13.0,13.09,12.81,12.9,139370,DCT
2010-04-29,12.9,13.19,12.9,13.0,133330,DCT
2010-05-04,13.38,13.57,13.29,13.57,293490,DCT
2010-05-05,13.57,14.24,13.48,14.24,570140,DCT
2010-05-06,14.53,14.91,14.24,14.91,474560,DCT
2010-05-07,14.91,15.1,14.24,14.72,272060,DCT
2010-05-10,14.15,14.15,14.05,14.05,203760,DCT
2010-05-11,14.05,14.15,13.38,13.48,316610,DCT
2010-05-12,13.0,13.29,12.81,12.81,337050,DCT
2010-05-13,12.9,13.29,12.81,12.81,150320,DCT
2010-05-14,12.9,13.0,12.71,12.9,103550,DCT
2010-05-17,13.09,13.09,12.33,12.62,128750,DCT
2010-05-18,12.52,12.71,12.33,12.52,100090,DCT
2010-05-19,12.43,12.43,11.95,11.95,240920,DCT
2010-05-20,11.37,12.14,11.37,12.04,99080,DCT
2010-05-21,11.47,11.76,11.47,11.47,162770,DCT
2010-05-24,11.66,11.76,11.47,11.57,60960,DCT
2010-05-25,11.47,11.66,11.37,11.37,79650,DCT
2010-05-26,11.57,11.76,11.57,11.66,59480,DCT
2010-05-27,11.76,12.04,11.66,11.95,55990,DCT
2010-05-28,12.43,12.52,12.14,12.52,172920,DCT
2010-05-31,12.23,12.33,12.04,12.14,99860,DCT
2010-06-01,11.95,12.14,11.95,12.14,23270,DCT
2010-06-02,12.14,12.14,11.85,12.14,85530,DCT
2010-06-03,12.33,12.33,12.14,12.14,28310,DCT
2010-06-04,12.14,12.14,11.95,11.95,53700,DCT
2010-06-07,11.37,11.76,11.37,11.57,82380,DCT
2010-06-08,11.57,11.66,11.47,11.57,38570,DCT
2010-06-09,11.57,11.76,11.57,11.76,18430,DCT
2010-06-10,11.57,11.76,11.57,11.66,15170,DCT
2010-06-11,11.95,11.95,11.66,11.76,45110,DCT
2010-06-14,12.04,12.04,11.85,11.85,20320,DCT
2010-06-15,11.85,11.85,11.66,11.66,39040,DCT
2010-06-16,11.85,11.95,11.66,11.76,35760,DCT
2010-06-17,11.76,11.95,11.66,11.85,65720,DCT
2010-06-18,12.04,12.14,11.85,12.04,65590,DCT
2010-06-21,12.23,12.62,12.23,12.62,276420,DCT
2010-06-22,13.09,13.19,12.62,13.09,648450,DCT
2010-06-23,12.62,13.29,12.62,13.19,231900,DCT
2010-06-24,13.19,13.19,13.0,13.0,78950,DCT
2010-06-25,12.52,13.0,12.52,12.52,173750,DCT
2010-06-28,12.62,13.09,12.62,13.09,500280,DCT
2010-06-29,13.29,13.67,13.0,13.67,884680,DCT
2010-06-30,13.38,13.76,13.09,13.09,167840,DCT
2010-07-01,13.0,13.29,13.0,13.0,62080,DCT
2010-07-02,13.09,13.09,12.81,12.9,148960,DCT
2010-07-05,12.9,13.38,12.9,13.19,163300,DCT
2010-07-06,13.0,13.19,12.62,12.81,231820,DCT
2010-07-07,12.81,13.09,12.62,12.71,223680,DCT
2010-07-08,12.9,12.9,12.52,12.52,55390,DCT
2010-07-09,12.52,12.52,12.43,12.43,68150,DCT
2010-07-12,12.9,12.9,12.33,12.52,33880,DCT
2010-07-13,12.52,13.09,12.52,13.0,129620,DCT
2010-07-14,13.19,13.19,12.71,12.71,76530,DCT
2010-07-15,12.62,12.9,12.62,12.62,70020,DCT
2010-07-16,12.62,12.71,12.52,12.71,64740,DCT
2010-07-19,12.52,12.71,12.52,12.52,64370,DCT
2010-07-20,12.52,13.09,12.52,13.09,446690,DCT
2010-07-21,13.29,13.38,13.0,13.0,178310,DCT
2010-07-22,12.9,12.9,12.62,12.62,73970,DCT
2010-07-23,12.62,12.9,12.62,12.71,61820,DCT
2010-07-26,12.71,12.81,12.52,12.52,120370,DCT
2010-07-27,12.52,12.71,12.43,12.43,108710,DCT
2010-07-28,12.43,12.52,12.14,12.23,86250,DCT
2010-07-29,12.33,12.33,12.14,12.14,66450,DCT
2010-07-30,12.43,12.52,12.33,12.33,26200,DCT
2010-08-02,12.14,12.43,11.95,11.95,30600,DCT
2010-08-03,12.14,12.23,11.95,11.95,74890,DCT
2010-08-04,11.76,12.14,11.66,11.76,47270,DCT
2010-08-05,11.76,11.95,11.66,11.76,49600,DCT
2010-08-06,11.76,11.76,11.66,11.66,77450,DCT
2010-08-09,11.57,11.57,11.18,11.18,80210,DCT
2010-08-10,11.09,11.09,10.7,10.8,127470,DCT
2010-08-11,10.8,11.18,10.8,11.18,52220,DCT
2010-08-12,11.09,11.09,10.7,10.7,135670,DCT
2010-08-13,10.7,10.8,10.51,10.8,81820,DCT
2010-08-16,11.28,11.28,10.9,11.28,44120,DCT
2010-08-17,10.99,11.28,10.9,11.28,29810,DCT
2010-08-18,11.09,11.09,10.8,10.9,73490,DCT
2010-08-19,10.9,10.9,10.7,10.8,31200,DCT
2010-08-20,10.9,10.9,10.51,10.7,45810,DCT
2010-08-23,10.8,10.8,10.51,10.61,27510,DCT
2010-08-24,10.32,10.32,10.13,10.13,100360,DCT
2010-08-25,10.13,10.13,9.65,9.65,77520,DCT
2010-08-26,9.65,9.94,9.46,9.75,43850,DCT
2010-08-27,9.56,9.94,9.56,9.65,25260,DCT
2010-08-30,10.13,10.13,9.94,10.13,51870,DCT
2010-08-31,10.13,10.42,9.94,10.13,181010,DCT
2010-09-01,10.13,10.23,9.94,10.04,184400,DCT
2010-09-06,10.23,10.51,10.23,10.51,189110,DCT
2010-09-07,10.51,10.8,10.23,10.42,157030,DCT
2010-09-08,10.42,10.42,10.04,10.13,96170,DCT
2010-09-09,10.51,10.61,10.51,10.61,498980,DCT
2010-09-10,11.09,11.09,10.51,10.7,844670,DCT
2010-09-13,10.7,11.09,10.61,10.8,273650,DCT
2010-09-14,10.8,10.9,10.7,10.7,127620,DCT
2010-09-15,10.61,10.7,10.42,10.51,160240,DCT
2010-09-16,10.32,10.61,10.23,10.42,166610,DCT
2010-09-17,10.51,10.8,10.51,10.8,217880,DCT
2010-09-20,11.1,11.1,10.8,10.9,196700,DCT
2010-09-21,11.0,11.0,10.6,10.8,121750,DCT
2010-09-22,10.6,10.8,10.6,10.7,112310,DCT
2010-09-23,10.5,10.8,10.4,10.5,127850,DCT
2010-09-24,10.6,10.6,10.4,10.5,68930,DCT
2010-09-27,10.6,10.6,10.4,10.4,55300,DCT
2010-09-28,10.7,10.7,10.4,10.5,77540,DCT
2010-09-29,10.2,10.5,10.2,10.3,101450,DCT
2010-09-30,10.3,10.4,10.2,10.2,77140,DCT
2010-10-01,10.2,10.3,10.2,10.2,53850,DCT
2010-10-04,10.2,10.2,9.8,9.8,198390,DCT
2010-10-05,9.8,9.9,9.6,9.9,91160,DCT
2010-10-06,9.8,10.3,9.8,10.0,121990,DCT
2010-10-07,10.0,10.2,9.9,9.9,108630,DCT
2010-10-08,10.0,10.0,9.9,9.9,38700,DCT
2010-10-11,10.0,10.0,9.8,9.9,25850,DCT
2010-10-12,9.8,10.0,9.7,9.7,66280,DCT
2010-10-13,9.9,9.9,9.6,9.9,77680,DCT
2010-10-14,9.7,9.9,9.7,9.7,32640,DCT
2010-10-15,9.7,9.9,9.7,9.7,24000,DCT
2010-10-18,9.8,9.9,9.7,9.8,64720,DCT
2010-10-19,9.7,9.9,9.7,9.7,67370,DCT
2010-10-20,9.7,9.7,9.3,9.4,102790,DCT
2010-10-21,9.3,9.6,9.3,9.3,57560,DCT
2010-10-22,9.2,9.4,9.2,9.3,66020,DCT
2010-10-25,9.1,9.4,9.1,9.4,33870,DCT
2010-10-26,9.6,9.7,9.5,9.5,84850,DCT
2010-10-27,9.3,9.5,9.2,9.2,59800,DCT
2010-10-28,9.2,9.4,9.1,9.1,31100,DCT
2010-10-29,9.0,9.2,9.0,9.0,74450,DCT
2010-11-01,8.9,9.0,8.8,8.9,72570,DCT
2010-11-02,8.9,9.0,8.8,8.9,29180,DCT
2010-11-03,8.7,8.9,8.7,8.7,45120,DCT
2010-11-04,8.7,8.9,8.7,8.8,89750,DCT
2010-11-05,9.0,9.2,8.9,9.1,85690,DCT
2010-11-08,8.9,9.0,8.9,9.0,24390,DCT
2010-11-09,9.0,9.0,8.7,8.9,57590,DCT
2010-11-10,8.6,8.9,8.6,8.6,45850,DCT
2010-11-11,8.6,8.8,8.5,8.6,64560,DCT
2010-11-12,8.5,8.6,8.2,8.2,145460,DCT
2010-11-15,8.2,8.4,7.9,8.0,43480,DCT
2010-11-16,8.1,8.1,7.8,7.8,80310,DCT
2010-11-17,7.9,8.0,7.7,7.9,82470,DCT
2010-11-18,8.0,8.1,8.0,8.0,69420,DCT
2010-11-19,8.0,8.3,8.0,8.2,67150,DCT
2010-11-22,8.0,8.1,7.9,8.1,69670,DCT
2010-11-23,7.9,8.5,7.9,8.1,168100,DCT
2010-11-24,8.4,8.4,8.0,8.4,72960,DCT
2010-11-25,8.4,8.8,8.3,8.8,137000,DCT
2010-11-26,9.1,9.1,8.5,9.0,60550,DCT
2010-11-29,9.4,9.4,8.9,9.4,124480,DCT
2010-11-30,9.3,9.8,9.3,9.7,218330,DCT
2010-12-01,9.4,9.7,9.4,9.5,86940,DCT
2010-12-02,9.2,9.7,9.2,9.6,126050,DCT
2010-12-03,9.8,10.0,9.8,10.0,270780,DCT
2010-12-06,10.2,10.5,9.8,10.5,352090,DCT
2010-12-07,10.2,10.5,10.2,10.5,298330,DCT
2010-12-08,10.3,10.4,10.0,10.0,309990,DCT
2010-12-09,9.8,10.1,9.6,10.0,107310,DCT
2010-12-10,10.0,10.5,10.0,10.4,153490,DCT
2010-12-13,10.7,10.8,10.5,10.6,359310,DCT
2010-12-14,10.4,10.5,10.1,10.2,113840,DCT
2010-12-15,10.1,10.3,10.1,10.1,93860,DCT
2010-12-16,9.6,10.0,9.6,9.6,164660,DCT
2010-12-17,9.9,10.0,9.5,9.9,127030,DCT
2010-12-20,9.9,10.0,9.8,9.8,51290,DCT
2010-12-21,10.0,10.2,9.4,10.0,112040,DCT
2010-12-22,10.0,10.1,9.8,9.9,30620,DCT
2010-12-23,9.9,9.9,9.5,9.5,78910,DCT
2010-12-24,9.4,9.7,9.3,9.4,33040,DCT
2010-12-27,9.6,9.8,9.3,9.3,21420,DCT
2010-12-28,9.3,9.7,9.3,9.6,58820,DCT
2010-12-29,9.6,9.6,9.5,9.5,83220,DCT
2010-12-30,9.5,9.8,9.5,9.5,147660,DCT
2010-12-31,9.5,9.6,9.5,9.6,58660,DCT
2011-01-04,9.6,9.7,9.6,9.6,42390,DCT
2011-01-05,9.6,9.7,9.5,9.6,8230,DCT
2011-01-06,9.4,9.7,9.4,9.6,26170,DCT
2011-01-07,9.6,9.6,9.4,9.5,52790,DCT
2011-01-10,9.5,9.5,9.2,9.2,59240,DCT
2011-01-11,9.2,9.6,9.0,9.0,46820,DCT
2011-01-12,9.0,9.3,9.0,9.1,14830,DCT
2011-01-13,9.2,9.3,9.1,9.2,49210,DCT
2011-01-14,9.4,9.4,9.1,9.2,76050,DCT
2011-01-17,9.3,9.4,9.1,9.2,73310,DCT
2011-01-18,9.3,9.3,8.9,9.0,57070,DCT
2011-01-19,9.1,9.1,8.9,9.0,21690,DCT
2011-01-20,8.9,9.0,8.9,8.9,29700,DCT
2011-01-21,9.0,9.0,8.9,9.0,83730,DCT
2011-01-24,8.9,9.0,8.9,8.9,25690,DCT
2011-01-25,9.0,9.0,8.8,8.8,10580,DCT
2011-01-26,8.8,9.1,8.8,9.0,269990,DCT
2011-01-27,9.2,9.3,9.1,9.1,101710,DCT
2011-01-28,9.3,9.3,8.9,9.0,61310,DCT
2011-02-08,9.3,9.3,9.0,9.1,74780,DCT
2011-02-09,9.3,9.3,9.0,9.0,13590,DCT
2011-02-10,9.0,9.0,8.9,9.0,28320,DCT
2011-02-11,8.9,9.0,8.8,8.9,19000,DCT
2011-02-14,8.8,9.0,8.8,8.9,48980,DCT
2011-02-15,8.8,8.9,8.7,8.8,48360,DCT
2011-02-16,8.8,8.8,8.5,8.5,68880,DCT
2011-02-17,8.5,8.5,8.2,8.5,49420,DCT
2011-02-18,8.5,8.6,8.4,8.4,41380,DCT
2011-02-21,8.1,8.1,8.0,8.0,113110,DCT
2011-02-22,7.7,7.9,7.6,7.6,126410,DCT
2011-02-23,7.8,7.8,7.5,7.8,149690,DCT
2011-02-24,7.8,7.8,7.6,7.7,98420,DCT
2011-02-25,7.7,7.9,7.6,7.9,77200,DCT
2011-02-28,8.0,8.0,7.8,7.8,44800,DCT
2011-03-01,7.9,7.9,7.7,7.7,36520,DCT
2011-03-02,7.7,7.7,7.5,7.5,50080,DCT
2011-03-03,7.5,7.7,7.4,7.4,40570,DCT
2011-03-04,7.6,7.7,7.3,7.5,47760,DCT
2011-03-07,7.6,7.7,7.5,7.6,39450,DCT
2011-03-08,7.6,7.6,7.5,7.5,25610,DCT
2011-03-09,7.4,7.4,7.2,7.4,74330,DCT
2011-03-10,7.4,7.7,7.4,7.7,174110,DCT
2011-03-11,7.9,8.0,7.8,7.9,102690,DCT
2011-03-14,7.7,7.9,7.6,7.6,73350,DCT
2011-03-15,7.7,7.7,7.4,7.6,11370,DCT
2011-03-16,7.6,7.8,7.5,7.7,60300,DCT
2011-03-17,7.7,7.8,7.4,7.5,194440,DCT
2011-03-18,7.6,7.7,7.5,7.7,18470,DCT
2011-03-21,7.7,7.8,7.6,7.7,33480,DCT
2011-03-22,7.6,7.7,7.4,7.5,56460,DCT
2011-03-23,7.6,7.6,7.4,7.5,111640,DCT
2011-03-24,7.4,7.5,7.4,7.5,38830,DCT
2011-03-25,7.5,7.5,7.5,7.5,182650,DCT
2011-03-28,7.6,7.6,7.4,7.5,79540,DCT
2011-03-29,7.4,7.6,7.4,7.5,93870,DCT
2011-03-30,7.4,7.5,7.3,7.4,81750,DCT
2011-03-31,7.4,7.5,7.3,7.3,46760,DCT
2011-04-01,7.3,7.4,7.3,7.3,19240,DCT
2011-04-04,7.2,7.3,7.2,7.2,75140,DCT
2011-04-05,7.2,7.2,7.2,7.2,41380,DCT
2011-04-06,7.2,7.3,7.2,7.3,22050,DCT
2011-04-07,7.3,7.3,7.2,7.3,9100,DCT
2011-04-08,7.3,7.3,7.2,7.3,43870,DCT
2011-04-13,7.5,7.5,7.2,7.3,32200,DCT
2011-04-14,7.2,7.3,7.1,7.2,55390,DCT
2011-04-15,7.1,7.2,7.1,7.1,34550,DCT
2011-04-18,7.1,7.1,7.0,7.1,43920,DCT
2011-04-19,6.9,7.0,6.8,6.9,48050,DCT
2011-04-20,6.8,7.1,6.8,6.9,31620,DCT
2011-04-21,6.9,7.0,6.9,7.0,30970,DCT
2011-04-22,7.0,7.1,6.9,6.9,46100,DCT
2011-04-25,7.0,7.1,6.9,7.1,60800,DCT
2011-04-26,7.0,7.1,6.9,6.9,45410,DCT
2011-04-27,6.8,7.0,6.8,6.9,50520,DCT
2011-04-28,6.7,7.0,6.6,7.0,55800,DCT
2011-04-29,7.3,7.3,7.2,7.3,157790,DCT
2011-05-04,7.5,7.6,7.5,7.6,122890,DCT
2011-05-05,7.6,7.6,7.4,7.5,29100,DCT
2011-05-06,7.4,7.6,7.4,7.5,77330,DCT
2011-05-09,7.6,7.7,7.5,7.7,75400,DCT
2011-05-10,7.7,7.7,7.6,7.6,30360,DCT
2011-05-11,7.6,7.6,7.3,7.3,49250,DCT
2011-05-12,7.2,7.5,7.2,7.3,11060,DCT
2011-05-13,7.4,7.4,7.3,7.3,5040,DCT
2011-05-16,7.3,7.4,7.3,7.4,36770,DCT
2011-05-17,7.3,7.4,7.2,7.4,38600,DCT
2011-05-18,7.2,7.2,7.1,7.1,38670,DCT
2011-05-19,7.2,7.2,7.0,7.1,45610,DCT
2011-05-20,7.1,7.1,6.9,7.1,159090,DCT
2011-05-23,6.9,7.1,6.9,6.9,70030,DCT
2011-05-24,6.7,6.8,6.6,6.7,85810,DCT
2011-05-25,6.5,6.5,6.4,6.4,104850,DCT
2011-05-26,6.1,6.7,6.1,6.5,105390,DCT
2011-05-27,6.7,6.7,6.6,6.7,11380,DCT
2011-05-30,6.6,6.8,6.4,6.4,43800,DCT
2011-05-31,6.5,6.5,6.4,6.4,33600,DCT
2011-06-01,6.5,6.7,6.4,6.6,28140,DCT
2011-06-02,6.6,6.9,6.6,6.9,65720,DCT
2011-06-03,7.0,7.1,6.7,6.7,58340,DCT
2011-06-06,6.7,6.7,6.6,6.7,18350,DCT
2011-06-07,6.9,7.0,6.8,7.0,34660,DCT
2011-06-08,7.0,7.0,6.8,6.8,51770,DCT
2011-06-09,6.8,7.0,6.8,6.8,23920,DCT
2011-06-10,7.1,7.1,7.0,7.1,71660,DCT
2011-06-13,7.1,7.4,7.1,7.4,70840,DCT
2011-06-14,7.4,7.7,7.4,7.5,97800,DCT
2011-06-15,7.3,7.4,7.2,7.2,32760,DCT
2011-06-16,7.0,7.3,7.0,7.2,22300,DCT
2011-06-17,7.3,7.3,6.9,7.2,178390,DCT
2011-06-20,7.0,7.0,6.9,6.9,75290,DCT
2011-06-21,7.0,7.2,6.9,7.2,36780,DCT
2011-06-22,7.3,7.3,7.0,7.2,23450,DCT
2011-06-23,7.0,7.1,7.0,7.0,19030,DCT
2011-06-24,7.0,7.1,7.0,7.1,2010,DCT
2011-06-27,7.1,7.1,7.0,7.0,16980,DCT
2011-06-28,7.0,7.0,6.9,6.9,34860,DCT
2011-06-29,6.9,7.0,6.9,7.0,31650,DCT
2011-06-30,6.9,6.9,6.8,6.9,15430,DCT
2011-07-01,6.9,6.9,6.7,6.9,43120,DCT
2011-07-04,6.8,6.9,6.7,6.9,12470,DCT
2011-07-05,6.9,7.2,6.9,7.0,9160,DCT
2011-07-06,6.9,7.0,6.8,6.9,23620,DCT
2011-07-07,6.9,7.0,6.8,6.9,14320,DCT
2011-07-08,6.9,6.9,6.8,6.9,4840,DCT
2011-07-11,6.9,6.9,6.8,6.9,2910,DCT
2011-07-12,6.8,6.9,6.7,6.8,35100,DCT
2011-07-13,6.9,6.9,6.8,6.9,19500,DCT
2011-07-14,6.8,6.9,6.7,6.8,31060,DCT
2011-07-15,6.9,6.9,6.8,6.8,23030,DCT
2011-07-18,6.7,6.7,6.7,6.7,49010,DCT
2011-07-19,6.6,6.7,6.5,6.7,58730,DCT
2011-07-20,6.7,6.7,6.7,6.7,62020,DCT
2011-07-21,6.7,6.8,6.6,6.7,79530,DCT
2011-07-22,6.7,6.8,6.6,6.7,64390,DCT
2011-07-25,6.7,6.8,6.7,6.7,38290,DCT
2011-07-26,6.6,6.8,6.6,6.7,23430,DCT
2011-07-27,6.7,6.7,6.6,6.7,11660,DCT
2011-07-28,6.7,6.8,6.6,6.7,54850,DCT
2011-07-29,6.7,6.8,6.6,6.7,14160,DCT
2011-08-01,6.7,6.7,6.6,6.6,40040,DCT
2011-08-02,6.6,6.6,6.5,6.6,14320,DCT
2011-08-03,6.5,6.5,6.4,6.4,73880,DCT
2011-08-04,6.5,6.6,6.5,6.5,22140,DCT
2011-08-05,6.5,6.5,6.4,6.5,17690,DCT
2011-08-08,6.5,6.5,6.4,6.4,7960,DCT
2011-08-09,6.3,6.3,6.1,6.2,44480,DCT
2011-08-10,6.2,6.3,6.2,6.2,68970,DCT
2011-08-11,6.0,6.2,6.0,6.1,39750,DCT
2011-08-12,6.1,6.3,6.1,6.2,3500,DCT
2011-08-15,6.2,6.3,6.2,6.2,11920,DCT
2011-08-16,6.3,6.4,6.2,6.3,19510,DCT
2011-08-17,6.4,6.5,6.4,6.5,28430,DCT
2011-08-18,6.5,6.7,6.5,6.5,38480,DCT
2011-08-19,6.4,6.5,6.3,6.5,56420,DCT
2011-08-22,6.5,6.7,6.5,6.7,36530,DCT
2011-08-23,6.6,6.7,6.6,6.6,11080,DCT
2011-08-24,6.7,6.7,6.3,6.5,27060,DCT
2011-08-25,6.5,6.6,6.4,6.6,15190,DCT
2011-08-26,6.5,6.6,6.5,6.6,16210,DCT
2011-08-29,6.7,6.7,6.5,6.7,45500,DCT
2011-08-30,6.7,6.9,6.7,6.7,81440,DCT
2011-08-31,6.7,6.8,6.7,6.7,68600,DCT
2011-09-01,6.7,6.9,6.6,6.7,202050,DCT
2011-09-05,6.9,6.9,6.7,6.8,44680,DCT
2011-09-06,6.7,6.8,6.7,6.7,47900,DCT
2011-09-07,6.9,6.9,6.8,6.8,18020,DCT
2011-09-08,6.8,7.0,6.8,6.9,133150,DCT
2011-09-09,6.9,7.0,6.8,6.9,58990,DCT
2011-09-12,6.9,7.1,6.9,7.0,62490,DCT
2011-09-13,7.1,7.2,7.0,7.2,161020,DCT
2011-09-14,7.2,7.3,7.0,7.0,68860,DCT
2011-09-15,6.9,6.9,6.7,6.8,90310,DCT
2011-09-16,6.8,6.9,6.6,6.8,50910,DCT
2011-09-19,6.7,6.8,6.7,6.8,27830,DCT
2011-09-20,6.7,6.8,6.7,6.7,51320,DCT
2011-09-21,6.7,6.7,6.6,6.7,21200,DCT
2011-09-22,6.7,6.7,6.6,6.7,33350,DCT
2011-09-23,6.6,6.7,6.6,6.7,30500,DCT
2011-09-26,6.7,6.7,6.6,6.7,5210,DCT
2011-09-27,6.6,6.7,6.6,6.7,55580,DCT
2011-09-28,6.7,6.7,6.6,6.6,26440,DCT
2011-09-29,6.6,6.7,6.5,6.6,44470,DCT
2011-09-30,6.6,6.7,6.6,6.7,7390,DCT
2011-10-03,6.5,6.6,6.5,6.6,46330,DCT
2011-10-04,6.5,6.6,6.5,6.5,26290,DCT
2011-10-05,6.6,6.6,6.4,6.4,230,DCT
2011-10-06,6.6,6.7,6.4,6.7,42940,DCT
2011-10-07,6.5,6.6,6.5,6.6,23530,DCT
2011-10-10,6.5,6.5,6.4,6.5,25220,DCT
2011-10-11,6.5,6.5,6.4,6.4,12530,DCT
2011-10-12,6.4,6.4,6.3,6.4,41640,DCT
2011-10-13,6.3,6.4,6.2,6.3,28060,DCT
2011-10-14,6.2,6.3,6.2,6.2,19590,DCT
2011-10-17,6.3,6.3,6.2,6.2,15050,DCT
2011-10-18,6.2,6.2,5.9,6.1,104190,DCT
2011-10-19,6.0,6.1,5.9,6.1,37320,DCT
2011-10-20,6.1,6.2,6.0,6.0,3760,DCT
2011-10-21,6.0,6.1,5.9,6.1,25550,DCT
2011-10-24,6.1,6.2,6.1,6.1,10980,DCT
2011-10-25,6.1,6.1,6.0,6.1,17110,DCT
2011-10-26,6.1,6.1,6.0,6.0,10250,DCT
2011-10-27,5.8,6.0,5.8,6.0,24850,DCT
2011-10-28,6.0,6.2,6.0,6.2,24200,DCT
2011-10-31,6.2,6.2,6.1,6.2,10650,DCT
2011-11-01,6.2,6.3,6.0,6.1,94650,DCT
2011-11-02,6.0,6.1,5.9,6.1,8060,DCT
2011-11-03,6.0,6.1,5.9,6.1,8210,DCT
2011-11-04,6.2,6.2,5.9,6.1,9490,DCT
2011-11-07,6.2,6.2,5.9,6.1,21770,DCT
2011-11-08,5.9,6.0,5.9,6.0,19000,DCT
2011-11-09,6.0,6.0,5.9,5.9,9800,DCT
2011-11-10,6.0,6.1,5.8,6.1,25100,DCT
2011-11-11,6.1,6.1,5.8,5.8,13850,DCT
2011-11-14,5.8,5.8,5.6,5.6,108190,DCT
2011-11-15,5.5,5.7,5.4,5.5,14320,DCT
2011-11-16,5.4,5.7,5.4,5.6,14700,DCT
2011-11-17,5.6,5.7,5.5,5.7,6380,DCT
2011-11-18,5.7,5.7,5.5,5.7,21140,DCT
2011-11-21,5.5,5.5,5.5,5.5,41180,DCT
2011-11-22,5.4,5.4,5.3,5.4,70260,DCT
2011-11-23,5.4,5.4,5.3,5.4,5270,DCT
2011-11-24,5.3,5.3,5.2,5.2,56050,DCT
2011-11-25,5.1,5.2,5.0,5.1,20240,DCT
2011-11-28,5.1,5.3,5.1,5.3,8600,DCT
2011-11-29,5.3,5.3,5.1,5.1,75540,DCT
2011-11-30,5.2,5.2,5.0,5.1,2210,DCT
2011-12-01,5.1,5.1,4.9,4.9,24520,DCT
2011-12-02,4.9,5.0,4.8,5.0,3180,DCT
2011-12-05,5.0,5.2,5.0,5.1,56210,DCT
2011-12-06,5.2,5.2,5.1,5.2,9980,DCT
2011-12-07,5.1,5.1,5.0,5.1,11700,DCT
2011-12-08,5.0,5.0,4.9,5.0,57650,DCT
2011-12-09,4.8,4.9,4.8,4.9,20730,DCT
2011-12-12,4.9,4.9,4.7,4.7,12330,DCT
2011-12-13,4.5,4.7,4.5,4.5,20790,DCT
2011-12-14,4.5,4.5,4.3,4.3,19660,DCT
2011-12-15,4.3,4.3,4.1,4.1,26670,DCT
2011-12-16,4.3,4.3,4.1,4.3,21560,DCT
2011-12-19,4.3,4.5,4.3,4.3,2450,DCT
2011-12-20,4.2,4.3,4.2,4.3,5530,DCT
2011-12-21,4.3,4.3,4.2,4.2,5120,DCT
2011-12-22,4.2,4.3,4.1,4.2,19830,DCT
2011-12-23,4.1,4.2,4.0,4.2,16600,DCT
2011-12-26,4.0,4.2,4.0,4.0,12690,DCT
2011-12-27,3.9,4.0,3.9,3.9,21670,DCT
2011-12-28,3.9,4.0,3.8,4.0,16740,DCT
2011-12-29,4.0,4.1,3.9,4.1,2110,DCT
2011-12-30,4.0,4.1,3.9,4.1,7190,DCT
2012-01-03,4.1,4.2,4.1,4.2,22290,DCT
2012-01-04,4.2,4.4,4.2,4.2,48100,DCT
2012-01-05,4.2,4.2,4.1,4.1,1370,DCT
2012-01-06,4.1,4.3,4.0,4.0,7070,DCT
2012-01-09,3.9,4.1,3.9,4.1,8610,DCT
2012-01-10,4.0,4.2,4.0,4.2,4100,DCT
2012-01-11,4.2,4.2,4.1,4.2,2330,DCT
2012-01-12,4.1,4.2,4.1,4.2,5430,DCT
2012-01-13,4.4,4.4,4.2,4.4,11400,DCT
2012-01-16,4.3,4.5,4.3,4.4,9450,DCT
2012-01-17,4.3,4.4,4.3,4.4,18150,DCT
2012-01-18,4.4,4.5,4.3,4.5,9090,DCT
2012-01-19,4.5,4.6,4.5,4.6,12940,DCT
2012-01-20,4.5,4.6,4.5,4.6,9350,DCT
2012-01-30,4.7,4.7,4.6,4.6,11810,DCT
2012-01-31,4.6,4.7,4.6,4.6,15180,DCT
2012-02-01,4.5,4.6,4.4,4.4,33520,DCT
2012-02-02,4.6,4.6,4.3,4.4,83380,DCT
2012-02-03,4.4,4.5,4.4,4.5,76930,DCT
2012-02-06,4.5,4.6,4.5,4.5,14790,DCT
2012-02-07,4.5,4.6,4.3,4.3,75350,DCT
2012-02-08,4.2,4.4,4.2,4.4,50350,DCT
2012-02-09,4.4,4.4,4.3,4.3,68920,DCT
2012-02-10,4.3,4.3,4.2,4.2,64950,DCT
2012-02-13,4.3,4.3,4.1,4.2,16680,DCT
2012-02-14,4.2,4.3,4.2,4.2,10230,DCT
2012-02-15,4.1,4.3,4.1,4.2,42420,DCT
2012-02-16,4.2,4.3,4.2,4.2,21980,DCT
2012-02-17,4.3,4.3,4.2,4.3,13480,DCT
2012-02-20,4.4,4.5,4.4,4.5,97230,DCT
2012-02-21,4.6,4.6,4.3,4.4,75240,DCT
2012-02-22,4.4,4.6,4.4,4.6,55400,DCT
2012-02-23,4.7,4.8,4.6,4.8,248990,DCT
2012-02-24,4.8,5.0,4.8,5.0,201080,DCT
2012-02-27,5.0,5.2,5.0,5.2,167380,DCT
2012-02-28,5.2,5.4,5.0,5.0,103580,DCT
2012-02-29,4.9,5.1,4.8,4.9,188960,DCT
2012-03-01,5.0,5.0,4.8,4.9,122810,DCT
2012-03-02,5.0,5.1,4.9,5.1,216170,DCT
2012-03-05,5.3,5.3,5.3,5.3,150980,DCT
2012-03-06,5.4,5.4,5.1,5.2,244790,DCT
2012-03-07,5.2,5.3,5.0,5.3,103030,DCT
2012-03-08,5.1,5.2,5.1,5.1,119580,DCT
2012-03-09,5.0,5.1,5.0,5.1,32230,DCT
2012-03-12,5.0,5.0,4.9,4.9,72820,DCT
2012-03-13,4.9,5.0,4.9,5.0,9890,DCT
2012-03-14,4.9,5.1,4.8,4.8,58990,DCT
2012-03-15,4.9,4.9,4.7,4.9,223840,DCT
2012-03-16,5.0,5.0,4.8,4.9,123610,DCT
2012-03-19,5.0,5.0,4.7,4.7,188430,DCT
2012-03-20,4.8,4.9,4.7,4.8,185560,DCT
2012-03-21,4.9,5.0,4.8,5.0,437400,DCT
2012-03-22,5.2,5.2,5.2,5.2,385070,DCT
2012-03-23,5.4,5.4,5.4,5.4,119060,DCT
2012-03-26,5.6,5.6,5.6,5.6,567100,DCT
2012-03-27,5.6,5.7,5.4,5.4,557500,DCT
2012-03-28,5.3,5.4,5.2,5.4,184590,DCT
2012-03-29,5.4,5.4,5.2,5.2,164550,DCT
2012-03-30,5.2,5.2,5.0,5.1,285070,DCT
2012-04-03,5.1,5.3,5.0,5.2,127430,DCT
2012-04-04,5.2,5.3,5.0,5.1,120340,DCT
2012-04-05,5.1,5.2,4.9,5.2,78880,DCT
2012-04-06,5.3,5.3,5.1,5.2,127690,DCT
2012-04-09,5.3,5.3,5.2,5.3,310780,DCT
2012-04-10,5.3,5.4,5.3,5.3,273540,DCT
2012-04-11,5.4,5.5,5.3,5.5,496520,DCT
2012-04-12,5.6,5.7,5.6,5.7,364180,DCT
2012-04-13,5.8,5.8,5.6,5.7,690000,DCT
2012-04-16,5.7,5.9,5.6,5.9,657080,DCT
2012-04-17,5.9,6.1,5.9,6.1,697740,DCT
2012-04-18,6.4,6.4,6.2,6.4,519660,DCT
2012-04-19,6.7,6.7,6.4,6.5,1003380,DCT
2012-04-20,6.4,6.4,6.2,6.2,740330,DCT
2012-04-23,6.2,6.3,6.0,6.1,249310,DCT
2012-04-24,6.2,6.4,6.2,6.4,429640,DCT
2012-04-25,6.5,6.7,6.5,6.7,470520,DCT
2012-04-26,7.0,7.0,6.9,7.0,547920,DCT
2012-04-27,7.3,7.3,7.2,7.2,710380,DCT
2012-05-02,6.9,7.0,6.9,6.9,1078670,DCT
2012-05-03,6.6,6.8,6.6,6.6,754750,DCT
2012-05-04,6.5,6.9,6.5,6.9,480410,DCT
2012-05-07,7.1,7.2,6.9,7.2,699340,DCT
2012-05-08,7.1,7.2,6.9,6.9,535430,DCT
2012-05-09,6.8,6.9,6.6,6.7,532580,DCT
2012-05-10,6.9,7.0,6.7,7.0,596410,DCT
2012-05-11,7.0,7.1,6.7,7.0,430280,DCT
2012-05-14,6.9,7.0,6.7,6.7,363830,DCT
2012-05-15,6.4,6.7,6.4,6.4,383640,DCT
2012-05-16,6.4,6.6,6.1,6.1,236680,DCT
2012-05-17,6.1,6.3,6.0,6.0,194100,DCT
2012-05-18,5.8,6.0,5.7,5.7,154510,DCT
2012-05-21,5.8,5.9,5.8,5.9,115370,DCT
2012-05-22,6.0,6.1,5.9,6.1,105720,DCT
2012-05-23,6.1,6.1,5.8,5.8,135730,DCT
2012-05-24,5.8,5.8,5.6,5.6,200000,DCT
2012-05-25,5.7,5.8,5.7,5.8,53190,DCT
2012-05-28,6.0,6.0,5.9,6.0,139720,DCT
2012-05-29,5.9,5.9,5.7,5.8,72880,DCT
2012-05-30,5.9,5.9,5.8,5.8,22130,DCT
2012-05-31,5.7,5.8,5.6,5.6,90970,DCT
2012-06-01,5.6,5.7,5.6,5.7,54470,DCT
2012-06-04,5.5,5.5,5.5,5.5,46620,DCT
2012-06-05,5.3,5.4,5.3,5.4,444380,DCT
2012-06-06,5.3,5.4,5.2,5.4,233570,DCT
2012-06-07,5.4,5.6,5.4,5.6,362260,DCT
2012-06-08,5.7,5.8,5.6,5.7,320320,DCT
2012-06-11,5.6,5.7,5.5,5.5,108590,DCT
2012-06-12,5.4,5.5,5.4,5.4,44470,DCT
2012-06-13,5.4,5.4,5.3,5.3,130390,DCT
2012-06-14,5.3,5.4,5.3,5.3,43250,DCT
2012-06-15,5.3,5.5,5.3,5.5,37130,DCT
2012-06-18,5.4,5.5,5.4,5.5,108960,DCT
2012-06-19,5.5,5.5,5.3,5.3,86850,DCT
2012-06-20,5.2,5.3,5.2,5.3,89300,DCT
2012-06-21,5.3,5.3,5.2,5.3,26380,DCT
2012-06-22,5.2,5.2,5.1,5.1,103770,DCT
2012-06-25,5.0,5.1,4.9,4.9,142550,DCT
2012-06-26,4.8,4.8,4.7,4.7,93800,DCT
2012-06-27,4.7,4.9,4.7,4.7,65640,DCT
2012-06-28,4.6,4.7,4.6,4.7,13220,DCT
2012-06-29,4.7,4.8,4.6,4.8,16520,DCT
2012-07-02,4.8,4.8,4.6,4.6,69310,DCT
2012-07-03,4.5,4.6,4.4,4.6,62210,DCT
2012-07-04,4.6,4.7,4.5,4.7,134560,DCT
2012-07-05,4.7,4.9,4.5,4.9,37250,DCT
2012-07-06,4.9,5.0,4.8,4.9,56460,DCT
2012-07-09,4.8,4.8,4.7,4.7,53720,DCT
2012-07-10,4.6,4.7,4.6,4.7,11050,DCT
2012-07-11,4.7,4.7,4.5,4.7,10360,DCT
2012-07-12,4.7,4.8,4.6,4.8,63880,DCT
2012-07-13,4.8,5.0,4.8,4.9,50100,DCT
2012-07-16,5.0,5.0,4.8,4.9,72000,DCT
2012-07-17,4.8,5.0,4.8,5.0,33810,DCT
2012-07-18,5.0,5.1,4.9,5.1,30310,DCT
2012-07-19,5.0,5.1,4.9,5.1,94120,DCT
2012-07-20,5.2,5.3,5.1,5.3,99520,DCT
2012-07-23,5.2,5.3,5.1,5.1,32390,DCT
2012-07-24,4.9,5.0,4.9,5.0,75170,DCT
2012-07-25,4.8,4.9,4.8,4.8,94020,DCT
2012-07-26,4.8,5.0,4.8,4.9,2080,DCT
2012-07-27,4.8,4.9,4.7,4.9,56840,DCT
2012-07-30,4.9,4.9,4.8,4.9,3210,DCT
2012-07-31,4.8,4.9,4.7,4.7,23980,DCT
2012-08-01,4.7,4.8,4.5,4.5,43500,DCT
2012-08-02,4.6,4.6,4.5,4.6,33590,DCT
2012-08-03,4.6,4.8,4.6,4.8,6300,DCT
2012-08-06,4.6,4.9,4.6,4.8,26470,DCT
2012-08-07,4.7,4.9,4.7,4.7,7320,DCT
2012-08-08,4.7,4.7,4.6,4.6,7850,DCT
2012-08-09,4.7,4.8,4.6,4.8,125880,DCT
2012-08-10,4.7,4.7,4.7,4.7,16100,DCT
2012-08-13,4.8,4.8,4.6,4.7,17460,DCT
2012-08-14,4.7,4.7,4.6,4.6,6510,DCT
2012-08-15,4.5,4.7,4.5,4.6,8590,DCT
2012-08-16,4.6,4.7,4.6,4.7,1740,DCT
2012-08-17,4.6,4.8,4.6,4.8,30730,DCT
2012-08-20,4.7,4.8,4.6,4.6,9130,DCT
2012-08-21,4.6,4.6,4.4,4.4,62030,DCT
2012-08-22,4.3,4.4,4.2,4.2,57120,DCT
2012-08-23,4.1,4.1,4.0,4.0,40260,DCT
2012-08-24,4.0,4.2,3.8,4.0,35860,DCT
2012-08-27,4.1,4.1,3.8,3.8,65390,DCT
2012-08-28,3.8,3.8,3.7,3.7,38860,DCT
2012-08-29,3.7,3.8,3.6,3.7,21420,DCT
2012-08-30,3.8,3.8,3.7,3.8,12060,DCT
2012-08-31,3.8,3.9,3.7,3.8,46430,DCT
2012-09-04,3.7,3.8,3.7,3.7,111870,DCT
2012-09-05,3.7,3.7,3.6,3.6,19550,DCT
2012-09-06,3.6,3.7,3.5,3.7,75970,DCT
2012-09-07,3.7,3.7,3.6,3.6,26980,DCT
2012-09-10,3.6,3.6,3.5,3.5,81110,DCT
2012-09-11,3.4,3.5,3.4,3.5,54940,DCT
2012-09-12,3.4,3.5,3.4,3.5,35650,DCT
2012-09-13,3.5,3.5,3.4,3.5,30180,DCT
2012-09-14,3.6,3.6,3.4,3.6,103130,DCT
2012-09-17,3.6,3.7,3.6,3.7,12840,DCT
2012-09-18,3.7,3.7,3.6,3.6,6470,DCT
2012-09-19,3.5,3.6,3.5,3.5,17180,DCT
2012-09-20,3.4,3.4,3.4,3.4,11530,DCT
2012-09-21,3.4,3.4,3.3,3.3,55760,DCT
2012-09-24,3.3,3.3,3.2,3.3,30770,DCT
2012-09-25,3.2,3.3,3.2,3.3,21140,DCT
2012-09-26,3.3,3.3,3.2,3.3,22370,DCT
2012-09-27,3.3,3.3,3.2,3.3,55490,DCT
2012-09-28,3.2,3.3,3.2,3.2,55340,DCT
2012-10-01,3.2,3.3,3.1,3.1,6700,DCT
2012-10-02,3.0,3.1,3.0,3.0,20930,DCT
2012-10-03,2.9,3.1,2.9,3.1,56100,DCT
2012-10-04,3.1,3.1,3.0,3.0,34110,DCT
2012-10-05,3.0,3.1,2.9,2.9,32500,DCT
2012-10-08,2.9,3.0,2.9,3.0,51770,DCT
2012-10-09,3.0,3.1,3.0,3.1,8700,DCT
2012-10-10,3.1,3.1,3.1,3.1,10280,DCT
2012-10-11,3.2,3.2,3.2,3.2,44810,DCT
2012-10-12,3.1,3.2,3.1,3.2,30790,DCT
2012-10-15,3.1,3.2,3.1,3.1,16300,DCT
2012-10-16,3.1,3.2,3.1,3.2,5260,DCT
2012-10-17,3.2,3.2,3.1,3.1,18610,DCT
2012-10-18,3.1,3.2,3.1,3.2,14670,DCT
2012-10-19,3.1,3.2,3.1,3.1,14150,DCT
2012-10-22,3.0,3.0,3.0,3.0,10110,DCT
2012-10-23,2.9,3.0,2.9,2.9,103760,DCT
2012-10-24,2.9,2.9,2.8,2.8,59520,DCT
2012-10-25,2.8,2.9,2.7,2.7,49530,DCT
2012-10-26,2.6,2.7,2.6,2.6,22640,DCT
2012-10-29,2.6,2.6,2.5,2.6,121670,DCT
2012-10-30,2.5,2.6,2.5,2.6,7690,DCT
2012-10-31,2.6,2.7,2.5,2.7,49290,DCT
2012-11-01,2.7,2.8,2.6,2.7,13500,DCT
2012-11-02,2.6,2.6,2.6,2.6,16750,DCT
2012-11-05,2.5,2.6,2.5,2.5,88730,DCT
2012-11-06,2.5,2.5,2.4,2.4,48610,DCT
2012-11-07,2.5,2.5,2.4,2.5,15660,DCT
2012-11-08,2.5,2.5,2.4,2.4,75980,DCT
2012-11-09,2.4,2.5,2.3,2.4,55360,DCT
2012-11-12,2.4,2.4,2.3,2.4,22360,DCT
2012-11-13,2.4,2.4,2.3,2.4,11430,DCT
2012-11-14,2.4,2.4,2.3,2.4,43890,DCT
2012-11-15,2.3,2.4,2.3,2.4,20450,DCT
2012-11-16,2.3,2.3,2.3,2.3,22100,DCT
2012-11-19,2.2,2.3,2.2,2.3,20440,DCT
2012-11-20,2.3,2.4,2.3,2.4,27530,DCT
2012-11-21,2.3,2.5,2.3,2.4,18850,DCT
2012-11-22,2.4,2.5,2.3,2.4,20430,DCT
2012-11-23,2.4,2.5,2.4,2.5,20920,DCT
2012-11-26,2.4,2.4,2.4,2.4,14020,DCT
2012-11-27,2.3,2.4,2.3,2.3,41730,DCT
2012-11-28,2.4,2.4,2.2,2.2,57660,DCT
2012-11-29,2.2,2.3,2.1,2.2,51460,DCT
2012-11-30,2.2,2.3,2.2,2.3,42680,DCT
2012-12-03,2.3,2.3,2.2,2.3,3600,DCT
2012-12-04,2.2,2.3,2.2,2.3,37500,DCT
2012-12-05,2.4,2.4,2.3,2.4,36380,DCT
2012-12-06,2.3,2.4,2.3,2.4,13920,DCT
2012-12-07,2.3,2.5,2.3,2.4,78640,DCT
2012-12-10,2.3,2.5,2.3,2.5,44050,DCT
2012-12-11,2.4,2.5,2.4,2.5,55390,DCT
2012-12-12,2.5,2.6,2.4,2.5,40560,DCT
2012-12-13,2.5,2.6,2.4,2.6,50720,DCT
2012-12-14,2.5,2.7,2.5,2.6,64040,DCT
2012-12-17,2.5,2.6,2.5,2.5,37910,DCT
2012-12-18,2.5,2.5,2.4,2.4,66650,DCT
2012-12-19,2.4,2.5,2.4,2.5,50760,DCT
2012-12-20,2.6,2.6,2.5,2.6,93120,DCT
2012-12-21,2.6,2.6,2.5,2.5,38730,DCT
2012-12-24,2.5,2.6,2.5,2.5,61300,DCT
2012-12-25,2.5,2.6,2.5,2.6,33220,DCT
2012-12-26,2.6,2.7,2.6,2.7,85780,DCT
2012-12-27,2.8,2.8,2.7,2.8,159440,DCT
2012-12-28,2.9,2.9,2.8,2.9,97690,DCT
2013-01-02,3.0,3.0,2.9,3.0,97380,DCT
2013-01-03,3.0,3.1,2.9,2.9,110240,DCT
2013-01-04,2.9,3.0,2.8,3.0,101420,DCT
2013-01-07,3.0,3.1,3.0,3.0,96260,DCT
2013-01-08,3.0,3.0,2.9,2.9,44220,DCT
2013-01-09,3.0,3.0,2.9,2.9,82980,DCT
2013-01-10,2.9,3.0,2.9,3.0,30,DCT
2013-01-11,2.9,3.0,2.9,2.9,56120,DCT
2013-01-14,2.9,2.9,2.8,2.8,60470,DCT
2013-01-15,2.7,2.9,2.7,2.9,63310,DCT
2013-01-16,3.0,3.1,3.0,3.1,229230,DCT
2013-01-17,3.1,3.3,3.1,3.3,274660,DCT
2013-01-18,3.4,3.5,3.2,3.4,119850,DCT
2013-01-21,3.2,3.3,3.2,3.2,65890,DCT
2013-01-22,3.0,3.2,3.0,3.0,51630,DCT
2013-01-23,2.8,3.0,2.8,2.8,174000,DCT
2013-01-24,2.8,2.9,2.8,2.9,71230,DCT
2013-01-25,3.0,3.0,2.9,3.0,60270,DCT
2013-01-28,3.0,3.1,2.9,3.0,53660,DCT
2013-01-29,2.9,3.0,2.9,3.0,116900,DCT
2013-01-30,2.9,3.1,2.9,3.1,20840,DCT
2013-01-31,3.1,3.1,3.0,3.0,15390,DCT
2013-02-01,3.0,3.0,2.8,3.0,23410,DCT
2013-02-04,2.9,3.0,2.9,2.9,53850,DCT
2013-02-05,3.0,3.0,2.9,2.9,20010,DCT
2013-02-06,3.0,3.1,2.9,3.1,106330,DCT
2013-02-07,3.1,3.2,3.0,3.2,60860,DCT
2013-02-08,3.2,3.3,3.1,3.3,71570,DCT
2013-02-18,3.2,3.3,3.2,3.2,67360,DCT
2013-02-19,3.2,3.2,3.1,3.2,64860,DCT
2013-02-20,3.2,3.2,3.1,3.2,12370,DCT
2013-02-21,3.2,3.3,3.0,3.0,139700,DCT
2013-02-22,3.0,3.1,2.9,3.0,73720,DCT
2013-02-25,3.1,3.1,2.9,2.9,4350,DCT
2013-02-26,2.9,3.0,2.7,2.7,127650,DCT
2013-02-27,2.7,2.8,2.6,2.8,18620,DCT
2013-02-28,2.8,2.9,2.7,2.9,60830,DCT
2013-03-01,2.9,2.9,2.8,2.9,11340,DCT
2013-03-04,2.9,2.9,2.7,2.7,69600,DCT
2013-03-05,2.7,2.7,2.6,2.6,143610,DCT
2013-03-06,2.6,2.7,2.6,2.7,10230,DCT
2013-03-07,2.7,2.8,2.7,2.7,24300,DCT
2013-03-08,2.7,2.8,2.7,2.7,7930,DCT
2013-03-11,2.7,2.8,2.7,2.8,42310,DCT
2013-03-12,2.8,2.9,2.7,2.8,40630,DCT
2013-03-13,2.8,2.8,2.7,2.8,5490,DCT
2013-03-14,2.8,2.9,2.7,2.9,73660,DCT
2013-03-15,2.8,2.9,2.8,2.9,5570,DCT
2013-03-18,2.8,2.9,2.8,2.9,2210,DCT
2013-03-19,2.8,2.9,2.8,2.9,25270,DCT
2013-03-20,2.7,2.9,2.7,2.9,850,DCT
2013-03-21,2.8,2.8,2.7,2.7,6490,DCT
2013-03-22,2.8,2.8,2.7,2.8,28400,DCT
2013-03-25,2.7,2.8,2.7,2.8,2570,DCT
2013-03-26,2.8,2.8,2.7,2.7,7430,DCT
2013-03-27,2.8,2.8,2.7,2.7,14620,DCT
2013-03-28,2.7,2.7,2.6,2.6,24960,DCT
2013-03-29,2.6,2.6,2.5,2.6,11840,DCT
2013-04-01,2.6,2.7,2.6,2.7,48680,DCT
2013-04-02,2.7,2.8,2.6,2.8,25770,DCT
2013-04-03,2.8,2.8,2.7,2.7,23950,DCT
2013-04-04,2.7,2.7,2.6,2.6,32090,DCT
2013-04-05,2.7,2.7,2.6,2.7,43490,DCT
2013-04-08,2.8,2.8,2.7,2.8,14850,DCT
2013-04-09,2.8,2.8,2.7,2.7,13680,DCT
2013-04-10,2.6,2.6,2.6,2.6,156990,DCT
2013-04-11,2.5,2.6,2.5,2.5,111920,DCT
2013-04-12,2.5,2.5,2.4,2.5,21280,DCT
2013-04-15,2.5,2.5,2.4,2.4,50940,DCT
2013-04-16,2.4,2.5,2.4,2.5,14140,DCT
2013-04-17,2.5,2.6,2.4,2.6,5720,DCT
2013-04-18,2.5,2.6,2.5,2.5,22080,DCT
2013-04-22,2.5,2.5,2.4,2.4,13590,DCT
2013-04-23,2.5,2.5,2.4,2.4,28720,DCT
2013-04-24,2.5,2.5,2.4,2.4,10500,DCT
2013-04-25,2.4,2.5,2.4,2.4,12850,DCT
2013-04-26,2.5,2.5,2.3,2.4,15580,DCT
2013-05-02,2.4,2.4,2.3,2.3,10960,DCT
2013-05-03,2.4,2.4,2.3,2.4,2820,DCT
2013-05-06,2.3,2.5,2.3,2.4,37180,DCT
2013-05-07,2.4,2.4,2.3,2.4,15790,DCT
2013-05-08,2.4,2.4,2.3,2.4,15160,DCT
2013-05-09,2.4,2.4,2.4,2.4,12910,DCT
2013-05-10,2.4,2.4,2.4,2.4,1540,DCT
2013-05-13,2.4,2.5,2.4,2.4,10510,DCT
2013-05-14,2.4,2.4,2.3,2.3,28400,DCT
2013-05-15,2.4,2.4,2.3,2.3,2680,DCT
2013-05-16,2.3,2.4,2.3,2.3,12310,DCT
2013-05-17,2.4,2.4,2.3,2.4,1520,DCT
2013-05-20,2.3,2.4,2.3,2.3,3930,DCT
2013-05-21,2.3,2.4,2.3,2.3,18930,DCT
2013-05-22,2.3,2.3,2.3,2.3,12730,DCT
2013-05-23,2.3,2.4,2.2,2.2,16010,DCT
2013-05-24,2.3,2.3,2.2,2.3,11460,DCT
2013-05-27,2.3,2.4,2.3,2.3,44200,DCT
2013-05-28,2.4,2.4,2.2,2.3,20490,DCT
2013-05-29,2.3,2.4,2.2,2.3,49300,DCT
2013-05-30,2.3,2.4,2.2,2.3,29170,DCT
2013-05-31,2.3,2.4,2.3,2.4,36130,DCT
2013-06-03,2.3,2.4,2.3,2.4,28260,DCT
2013-06-04,2.4,2.4,2.3,2.3,29290,DCT
2013-06-05,2.3,2.4,2.2,2.3,20800,DCT
2013-06-06,2.3,2.4,2.3,2.3,16950,DCT
2013-06-07,2.3,2.4,2.2,2.4,167680,DCT
2013-06-10,2.4,2.5,2.3,2.5,48540,DCT
2013-06-11,2.5,2.5,2.4,2.5,54240,DCT
2013-06-12,2.5,2.5,2.4,2.4,47120,DCT
2013-06-13,2.3,2.4,2.3,2.3,105360,DCT
2013-06-14,2.3,2.4,2.2,2.3,18250,DCT
2013-06-17,2.3,2.3,2.2,2.2,35530,DCT
2013-06-18,2.2,2.3,2.2,2.2,18910,DCT
2013-06-19,2.3,2.3,2.2,2.3,10690,DCT
2013-06-20,2.3,2.4,2.2,2.3,23420,DCT
2013-06-21,2.2,2.3,2.2,2.3,15840,DCT
2013-06-24,2.2,2.3,2.2,2.2,7790,DCT
2013-06-25,2.2,2.2,2.1,2.2,54770,DCT
2013-06-26,2.1,2.2,2.1,2.1,56120,DCT
2013-06-27,2.1,2.2,2.1,2.2,22010,DCT
2013-06-28,2.1,2.3,2.1,2.2,9230,DCT
2013-07-01,2.1,2.2,2.1,2.1,18270,DCT
2013-07-02,2.2,2.2,2.1,2.2,20610,DCT
2013-07-03,2.1,2.3,2.1,2.2,51230,DCT
2013-07-04,2.2,2.2,2.1,2.2,1020,DCT
2013-07-05,2.2,2.2,2.1,2.1,17660,DCT
2013-07-08,2.1,2.2,2.1,2.1,11080,DCT
2013-07-09,2.1,2.2,2.0,2.1,4320,DCT
2013-07-10,2.2,2.2,2.1,2.1,11610,DCT
2013-07-11,2.1,2.2,2.1,2.2,5160,DCT
2013-07-12,2.1,2.2,2.1,2.2,7830,DCT
2013-07-15,2.1,2.2,2.1,2.2,2540,DCT
2013-07-16,2.1,2.2,2.1,2.1,16540,DCT
2013-07-17,2.2,2.2,2.1,2.1,14090,DCT
2013-07-18,2.1,2.2,2.1,2.1,12570,DCT
2013-07-19,2.2,2.2,2.1,2.1,3810,DCT
2013-07-22,2.1,2.2,2.1,2.2,5360,DCT
2013-07-23,2.1,2.2,2.1,2.2,890,DCT
2013-07-24,2.2,2.2,2.1,2.1,5910,DCT
2013-07-25,2.0,2.1,2.0,2.0,22830,DCT
2013-07-26,1.9,2.0,1.9,1.9,99510,DCT
2013-07-29,1.8,1.9,1.8,1.9,32620,DCT
2013-07-30,1.9,1.9,1.8,1.9,36700,DCT
2013-07-31,1.9,1.9,1.8,1.9,6540,DCT
2013-08-01,1.8,1.9,1.8,1.8,83640,DCT
2013-08-02,1.8,1.8,1.7,1.7,42030,DCT
2013-08-05,1.7,1.8,1.7,1.8,20150,DCT
2013-08-06,1.8,1.8,1.7,1.7,60530,DCT
2013-08-07,1.7,1.8,1.7,1.8,2940,DCT
2013-08-08,1.7,1.8,1.7,1.8,1840,DCT
2013-08-09,1.8,1.8,1.7,1.7,5580,DCT
2013-08-12,1.7,1.8,1.7,1.7,15550,DCT
2013-08-13,1.7,1.7,1.7,1.7,4210,DCT
2013-08-14,1.7,1.8,1.7,1.8,4580,DCT
2013-08-15,1.7,1.9,1.7,1.9,59980,DCT
2013-08-16,1.8,1.9,1.8,1.8,8790,DCT
2013-08-19,1.8,1.9,1.8,1.9,63170,DCT
2013-08-20,1.9,2.0,1.8,2.0,20390,DCT
2013-08-21,1.9,1.9,1.9,1.9,7400,DCT
2013-08-22,1.9,2.0,1.9,1.9,9220,DCT
2013-08-23,1.9,2.0,1.9,2.0,8750,DCT
2013-08-26,1.9,2.0,1.9,2.0,11300,DCT
2013-08-27,1.9,2.0,1.9,1.9,9290,DCT
2013-08-28,1.9,2.0,1.8,1.9,29310,DCT
2013-08-29,1.8,2.0,1.8,1.8,9100,DCT
2013-08-30,1.9,1.9,1.8,1.9,2660,DCT
2013-09-03,1.8,1.9,1.8,1.8,5960,DCT
2013-09-04,1.8,1.8,1.8,1.8,3750,DCT
2013-09-05,1.8,1.9,1.8,1.8,7390,DCT
2013-09-06,1.8,1.8,1.8,1.8,3440,DCT
2013-09-09,1.8,1.9,1.8,1.9,39900,DCT
2013-09-10,1.9,1.9,1.8,1.8,15010,DCT
2013-09-11,1.8,1.9,1.8,1.9,39900,DCT
2013-09-12,1.9,2.0,1.8,1.8,1810,DCT
2013-09-13,1.9,1.9,1.9,1.9,18860,DCT
2013-09-16,2.0,2.0,1.9,2.0,17400,DCT
2013-09-17,2.0,2.0,1.9,2.0,27440,DCT
2013-09-18,1.9,2.0,1.9,2.0,8790,DCT
2013-09-19,1.9,1.9,1.9,1.9,5240,DCT
2013-09-20,1.8,1.9,1.8,1.8,9490,DCT
2013-09-23,1.8,1.9,1.8,1.9,3240,DCT
2013-09-24,1.8,1.9,1.8,1.8,12580,DCT
2013-09-25,1.8,1.9,1.8,1.9,2970,DCT
2013-09-26,1.9,2.0,1.9,1.9,15940,DCT
2013-09-27,2.0,2.0,1.9,1.9,2810,DCT
2013-09-30,1.9,2.0,1.8,2.0,16990,DCT
2013-10-01,2.0,2.0,1.9,2.0,13950,DCT
2013-10-02,1.9,2.0,1.9,2.0,6410,DCT
2013-10-03,2.0,2.0,1.9,1.9,10690,DCT
2013-10-04,1.9,1.9,1.8,1.9,10280,DCT
2013-10-07,1.8,2.0,1.8,1.9,18740,DCT
2013-10-08,1.9,2.0,1.9,2.0,56350,DCT
2013-10-09,2.0,2.1,1.9,2.0,59390,DCT
2013-10-10,2.0,2.0,1.9,1.9,25250,DCT
2013-10-11,2.0,2.0,1.8,1.9,6960,DCT
2013-10-14,1.9,2.0,1.8,1.9,7310,DCT
2013-10-15,1.9,1.9,1.8,1.9,9000,DCT
2013-10-16,1.8,2.0,1.8,2.0,9560,DCT
2013-10-17,2.0,2.0,1.9,1.9,19680,DCT
2013-10-18,1.9,2.0,1.8,2.0,29540,DCT
2013-10-21,1.9,2.0,1.9,1.9,22420,DCT
2013-10-22,1.9,2.0,1.9,1.9,4410,DCT
2013-10-23,1.9,2.0,1.9,2.0,2070,DCT
2013-10-24,2.0,2.0,1.9,1.9,2170,DCT
2013-10-25,1.9,2.0,1.8,1.9,56220,DCT
2013-10-28,1.9,1.9,1.8,1.8,17180,DCT
2013-10-29,1.8,1.9,1.8,1.9,19740,DCT
2013-10-30,1.9,2.0,1.8,1.9,19970,DCT
2013-10-31,1.9,2.0,1.9,1.9,12880,DCT
2013-11-01,1.9,1.9,1.8,1.9,10080,DCT
2013-11-04,1.9,2.0,1.9,1.9,10960,DCT
2013-11-05,1.9,2.0,1.8,2.0,35910,DCT
2013-11-06,2.0,2.0,1.9,2.0,8460,DCT
2013-11-07,1.9,2.0,1.9,1.9,31130,DCT
2013-11-08,1.9,2.0,1.9,2.0,18580,DCT
2013-11-11,2.0,2.1,1.9,2.1,128720,DCT
2013-11-12,2.1,2.1,2.0,2.0,86990,DCT
2013-11-13,2.0,2.1,2.0,2.0,13130,DCT
2013-11-14,1.9,2.1,1.9,2.1,147450,DCT
2013-11-15,2.2,2.2,2.1,2.2,182650,DCT
2013-11-18,2.3,2.3,2.2,2.3,104620,DCT
2013-11-19,2.4,2.4,2.3,2.4,351290,DCT
2013-11-20,2.5,2.5,2.5,2.5,8900,DCT
2013-11-21,2.6,2.6,2.6,2.6,19270,DCT
2013-11-22,2.7,2.7,2.7,2.7,304580,DCT
2013-11-25,2.8,2.8,2.8,2.8,12270,DCT
2013-11-26,2.9,2.9,2.9,2.9,27760,DCT
2013-11-27,3.1,3.1,3.1,3.1,127340,DCT
2013-11-28,3.3,3.3,3.3,3.3,129160,DCT
2013-11-29,3.5,3.5,3.3,3.5,1361010,DCT
2013-12-02,3.5,3.5,3.3,3.3,236470,DCT
2013-12-03,3.1,3.5,3.1,3.5,299030,DCT
2013-12-04,3.4,3.4,3.3,3.4,361800,DCT
2013-12-05,3.4,3.4,3.2,3.2,218260,DCT
2013-12-06,3.1,3.2,3.0,3.0,109730,DCT
2013-12-09,2.8,3.0,2.8,2.8,709070,DCT
2013-12-10,2.7,2.8,2.7,2.7,120580,DCT
2013-12-11,2.6,2.7,2.6,2.6,117120,DCT
2013-12-12,2.5,2.6,2.5,2.5,172990,DCT
2013-12-13,2.5,2.6,2.4,2.6,157840,DCT
2013-12-16,2.7,2.7,2.7,2.7,59190,DCT
2013-12-17,2.8,2.8,2.8,2.8,34400,DCT
2013-12-18,2.9,2.9,2.8,2.9,309660,DCT
2013-12-19,3.0,3.0,2.8,2.9,202720,DCT
2013-12-20,2.8,2.9,2.8,2.8,89070,DCT
2013-12-23,2.7,2.9,2.7,2.8,110710,DCT
2013-12-24,2.8,2.8,2.7,2.8,15290,DCT
2013-12-25,2.7,2.8,2.7,2.7,144820,DCT
2013-12-26,2.7,2.8,2.6,2.8,153090,DCT
2013-12-27,2.7,2.8,2.7,2.7,167110,DCT
2013-12-30,2.7,2.8,2.6,2.6,334920,DCT
2013-12-31,2.6,2.7,2.5,2.7,103960,DCT
2014-01-02,2.7,2.7,2.6,2.7,56400,DCT
2014-01-03,2.6,2.7,2.6,2.7,10670,DCT
2014-01-06,2.8,2.8,2.6,2.8,72420,DCT
2014-01-07,2.8,2.8,2.7,2.7,84690,DCT
2014-01-08,2.7,2.7,2.6,2.7,161480,DCT
2014-01-09,2.7,2.8,2.6,2.8,212380,DCT
2014-01-10,2.9,2.9,2.9,2.9,192190,DCT
2014-01-13,2.8,2.8,2.7,2.8,75740,DCT
2014-01-14,2.7,2.9,2.7,2.7,98750,DCT
2014-01-15,2.8,2.8,2.6,2.8,51550,DCT
2014-01-16,2.7,2.8,2.7,2.8,73670,DCT
2014-01-17,2.7,2.7,2.7,2.7,46720,DCT
2014-01-20,2.6,2.7,2.6,2.6,151820,DCT
2014-01-21,2.5,2.7,2.5,2.7,76590,DCT
2014-01-22,2.7,2.7,2.6,2.6,134780,DCT
2014-01-23,2.6,2.7,2.5,2.6,118320,DCT
2014-01-24,2.6,2.7,2.6,2.7,138020,DCT
2014-01-27,2.7,2.8,2.7,2.8,106760,DCT
2014-02-06,2.7,2.8,2.7,2.8,173770,DCT
2014-02-07,2.8,2.8,2.7,2.8,99870,DCT
2014-02-10,2.8,2.9,2.7,2.9,93600,DCT
2014-02-11,2.8,2.9,2.7,2.8,216290,DCT
2014-02-12,2.8,2.9,2.7,2.9,32470,DCT
2014-02-13,2.9,2.9,2.7,2.8,80880,DCT
2014-02-14,2.8,2.9,2.7,2.8,111610,DCT
2014-02-17,2.8,2.9,2.7,2.8,63490,DCT
2014-02-18,2.8,2.9,2.7,2.8,38440,DCT
2014-02-19,2.7,2.8,2.7,2.7,278000,DCT
2014-02-20,2.6,2.6,2.6,2.6,72020,DCT
2014-02-21,2.5,2.5,2.5,2.5,89600,DCT
2014-02-24,2.4,2.6,2.4,2.4,434140,DCT
2014-02-25,2.4,2.5,2.3,2.4,81660,DCT
2014-02-26,2.4,2.5,2.4,2.5,232150,DCT
2014-02-27,2.6,2.6,2.6,2.6,128520,DCT
2014-02-28,2.7,2.7,2.6,2.7,588270,DCT
2014-03-03,2.7,2.7,2.6,2.6,299410,DCT
2014-03-04,2.6,2.7,2.6,2.7,84840,DCT
2014-03-05,2.6,2.7,2.6,2.6,139630,DCT
2014-03-06,2.6,2.7,2.5,2.6,81620,DCT
2014-03-07,2.6,2.7,2.5,2.6,64130,DCT
2014-03-10,2.6,2.7,2.6,2.7,161160,DCT
2014-03-11,2.7,2.7,2.6,2.6,374710,DCT
2014-03-12,2.6,2.7,2.6,2.6,215370,DCT
2014-03-13,2.5,2.7,2.5,2.7,175340,DCT
2014-03-14,2.7,2.8,2.7,2.8,562410,DCT
2014-03-17,2.9,2.9,2.9,2.9,118230,DCT
2014-03-18,3.1,3.1,3.1,3.1,290500,DCT
2014-03-19,3.3,3.3,3.3,3.3,151410,DCT
2014-03-20,3.5,3.5,3.5,3.5,686730,DCT
2014-03-21,3.7,3.7,3.7,3.7,263670,DCT
2014-03-24,3.9,3.9,3.9,3.9,214390,DCT
2014-03-25,4.1,4.1,4.0,4.1,491290,DCT
2014-03-26,4.2,4.3,3.9,3.9,1381730,DCT
2014-03-27,3.7,3.8,3.7,3.7,106330,DCT
2014-03-28,3.5,3.5,3.5,3.5,361640,DCT
2014-03-31,3.4,3.7,3.4,3.7,581890,DCT
2014-04-01,3.8,3.8,3.5,3.5,183710,DCT
2014-04-02,3.4,3.4,3.3,3.3,101850,DCT
2014-04-03,3.3,3.5,3.2,3.5,380590,DCT
2014-04-04,3.7,3.7,3.3,3.5,50170,DCT
2014-04-07,3.3,3.5,3.3,3.3,163810,DCT
2014-04-08,3.1,3.1,3.1,3.1,37260,DCT
2014-04-10,2.9,3.3,2.9,3.1,971940,DCT
2014-04-11,3.1,3.1,3.1,3.1,0,DCT
2014-04-14,3.1,3.1,3.1,3.1,0,DCT
2014-04-15,3.2,3.2,2.9,3.0,318670,DCT
2014-04-16,2.9,3.0,2.8,2.9,388390,DCT
2014-04-17,2.9,3.1,2.9,2.9,130760,DCT
2014-04-18,2.9,2.9,2.7,2.7,142230,DCT
2014-04-21,2.7,2.8,2.6,2.6,162800,DCT
2014-04-22,2.7,2.7,2.6,2.7,122860,DCT
2014-04-23,2.7,2.8,2.7,2.8,152880,DCT
2014-04-24,2.8,2.8,2.7,2.8,46640,DCT
2014-04-25,2.8,2.8,2.7,2.7,148190,DCT
2014-04-28,2.7,2.7,2.6,2.6,181640,DCT
2014-04-29,2.6,2.7,2.6,2.7,85440,DCT
2014-05-05,2.6,2.7,2.6,2.6,219950,DCT
2014-05-06,2.5,2.6,2.5,2.6,276550,DCT
2014-05-07,2.6,2.7,2.5,2.7,67020,DCT
2014-05-08,2.6,2.6,2.6,2.6,17400,DCT
2014-05-09,2.5,2.6,2.5,2.6,154760,DCT
2014-05-12,2.5,2.6,2.5,2.5,34670,DCT
2014-05-13,2.4,2.5,2.4,2.4,110420,DCT
2014-05-14,2.3,2.5,2.3,2.3,229400,DCT
2014-05-15,2.4,2.4,2.2,2.3,106560,DCT
2014-05-16,2.3,2.4,2.3,2.4,139300,DCT
2014-05-19,2.4,2.5,2.3,2.5,34020,DCT
2014-05-20,2.5,2.6,2.4,2.6,100580,DCT
2014-05-21,2.7,2.7,2.7,2.7,124560,DCT
2014-05-22,2.8,2.8,2.7,2.8,355500,DCT
2014-05-23,2.9,2.9,2.8,2.9,440600,DCT
2014-05-26,2.8,3.1,2.8,3.1,136270,DCT
2014-05-27,3.0,3.1,2.9,3.0,232100,DCT
2014-05-28,2.9,3.0,2.8,2.9,244320,DCT
2014-05-29,2.8,3.1,2.8,2.9,235620,DCT
2014-05-30,2.9,2.9,2.7,2.7,21300,DCT
2014-06-02,2.7,2.8,2.7,2.8,69340,DCT
2014-06-03,2.8,2.9,2.7,2.7,33010,DCT
2014-06-04,2.7,2.8,2.6,2.7,75560,DCT
2014-06-05,2.8,2.8,2.8,2.8,100640,DCT
2014-06-06,2.9,2.9,2.9,2.9,18320,DCT
2014-06-09,3.1,3.1,3.0,3.1,371680,DCT
2014-06-10,3.0,3.1,2.9,2.9,125290,DCT
2014-06-11,2.9,3.0,2.9,2.9,48730,DCT
2014-06-12,2.9,3.0,2.8,3.0,73440,DCT
2014-06-13,3.0,3.0,2.8,2.8,70370,DCT
2014-06-16,2.9,2.9,2.8,2.9,76580,DCT
2014-06-17,3.0,3.0,2.9,3.0,85940,DCT
2014-06-18,3.0,3.0,2.9,3.0,55790,DCT
2014-06-19,2.8,2.9,2.8,2.9,54650,DCT
2014-06-20,2.9,2.9,2.8,2.8,100580,DCT
2014-06-23,2.8,2.9,2.8,2.8,36740,DCT
2014-06-24,2.8,2.9,2.8,2.9,61150,DCT
2014-06-25,2.8,2.9,2.8,2.9,42090,DCT
2014-06-26,2.8,3.0,2.8,2.8,93720,DCT
2014-06-27,2.8,2.9,2.8,2.9,161860,DCT
2014-06-30,2.9,3.0,2.8,2.8,17820,DCT
2014-07-01,2.9,2.9,2.8,2.9,137830,DCT
2014-07-02,2.9,3.0,2.9,2.9,38990,DCT
2014-07-03,2.9,3.0,2.9,2.9,93070,DCT
2014-07-04,2.9,3.0,2.8,2.9,49970,DCT
2014-07-07,2.9,3.0,2.9,2.9,71470,DCT
2014-07-08,2.9,3.0,2.9,2.9,125510,DCT
2014-07-09,2.9,3.0,2.8,2.9,138910,DCT
2014-07-10,3.0,3.1,3.0,3.1,753530,DCT
2014-07-11,3.2,3.2,3.1,3.2,216780,DCT
2014-07-14,3.3,3.3,3.1,3.2,210000,DCT
2014-07-15,3.2,3.2,3.1,3.1,263300,DCT
2014-07-16,3.2,3.2,3.0,3.0,87170,DCT
2014-07-17,3.0,3.1,2.9,3.0,148600,DCT
2014-07-18,3.0,3.1,2.9,3.1,66100,DCT
2014-07-21,3.0,3.1,2.9,2.9,158360,DCT
2014-07-22,2.9,3.0,2.8,2.9,277960,DCT
2014-07-23,2.8,3.0,2.7,2.8,425720,DCT
2014-07-24,2.7,2.8,2.7,2.8,175790,DCT
2014-07-25,2.8,2.9,2.7,2.7,62530,DCT
2014-07-28,2.7,2.7,2.6,2.6,121990,DCT
2014-07-29,2.6,2.7,2.6,2.7,63540,DCT
2014-07-30,2.7,2.8,2.6,2.7,51480,DCT
2014-07-31,2.7,2.8,2.7,2.8,55420,DCT
2014-08-01,2.7,2.8,2.7,2.8,8100,DCT
2014-08-04,2.8,2.8,2.7,2.7,32010,DCT
2014-08-05,2.7,2.8,2.7,2.7,29310,DCT
2014-08-06,2.8,2.8,2.7,2.7,106640,DCT
2014-08-07,2.7,2.8,2.6,2.7,40380,DCT
2014-08-08,2.8,2.8,2.6,2.6,256110,DCT
2014-08-11,2.7,2.7,2.7,2.7,101640,DCT
2014-08-12,2.7,2.8,2.7,2.8,82350,DCT
2014-08-13,2.7,2.8,2.7,2.7,74480,DCT
2014-08-14,2.7,2.8,2.6,2.8,70260,DCT
2014-08-15,2.8,2.8,2.7,2.8,61500,DCT
2014-08-18,2.7,2.8,2.7,2.7,61320,DCT
2014-08-19,2.6,2.7,2.6,2.6,75080,DCT
2014-08-20,2.6,2.7,2.6,2.7,27630,DCT
2014-08-21,2.7,2.7,2.6,2.6,102200,DCT
2014-08-22,2.7,2.7,2.6,2.7,112130,DCT
2014-08-25,2.6,2.8,2.6,2.7,51840,DCT
2014-08-26,2.7,2.7,2.6,2.7,24780,DCT
2014-08-27,2.7,2.7,2.6,2.6,102410,DCT
2014-08-28,2.7,2.7,2.6,2.7,161740,DCT
2014-08-29,2.7,2.8,2.6,2.8,43980,DCT
2014-09-03,2.7,2.8,2.7,2.8,383260,DCT
2014-09-04,2.7,2.8,2.7,2.8,225920,DCT
2014-09-05,2.8,2.9,2.7,2.8,213650,DCT
2014-09-08,2.8,2.9,2.7,2.8,325800,DCT
2014-09-09,2.8,2.8,2.7,2.7,241520,DCT
2014-09-10,2.7,2.8,2.6,2.8,201290,DCT
2014-09-11,2.7,2.8,2.7,2.7,92450,DCT
2014-09-12,2.8,2.8,2.7,2.8,472490,DCT
2014-09-15,2.9,2.9,2.7,2.8,371470,DCT
2014-09-16,2.8,2.8,2.7,2.8,83800,DCT
2014-09-17,2.8,2.8,2.7,2.7,287800,DCT
2014-09-18,2.7,2.8,2.6,2.7,152440,DCT
2014-09-19,2.7,2.7,2.6,2.7,312530,DCT
2014-09-22,2.6,2.7,2.6,2.6,237130,DCT
2014-09-23,2.6,2.7,2.5,2.6,49450,DCT
2014-09-24,2.6,2.6,2.5,2.6,224980,DCT
2014-09-25,2.6,2.6,2.5,2.6,106900,DCT
2014-09-26,2.6,2.7,2.5,2.6,83520,DCT
2014-09-29,2.6,2.6,2.5,2.6,35340,DCT
2014-09-30,2.6,2.6,2.5,2.6,45450,DCT
2014-10-01,2.6,2.7,2.6,2.6,103080,DCT
2014-10-02,2.6,2.7,2.5,2.6,111370,DCT
2014-10-03,2.6,2.7,2.5,2.6,62580,DCT
2014-10-06,2.6,2.7,2.6,2.6,77000,DCT
2014-10-07,2.6,2.7,2.6,2.7,470490,DCT
2014-10-08,2.8,2.8,2.8,2.8,470960,DCT
2014-10-09,2.9,2.9,2.7,2.7,380440,DCT
2014-10-10,2.7,2.8,2.7,2.8,410980,DCT
2014-10-13,2.8,2.8,2.7,2.8,162990,DCT
2014-10-14,2.7,2.9,2.7,2.8,274590,DCT
2014-10-15,2.7,2.8,2.7,2.7,143750,DCT
2014-10-16,2.7,2.7,2.6,2.6,522870,DCT
2014-10-17,2.6,2.7,2.5,2.7,173630,DCT
2014-10-20,2.6,2.7,2.6,2.6,75500,DCT
2014-10-21,2.6,2.6,2.5,2.6,174840,DCT
2014-10-22,2.6,2.6,2.5,2.6,34930,DCT
2014-10-23,2.5,2.6,2.5,2.5,193070,DCT
2014-10-24,2.6,2.6,2.5,2.5,158680,DCT
2014-10-27,2.5,2.6,2.4,2.5,93560,DCT
2014-10-28,2.5,2.5,2.4,2.5,20490,DCT
2014-10-29,2.5,2.6,2.5,2.6,59830,DCT
2014-10-30,2.6,2.6,2.5,2.5,132610,DCT
2014-10-31,2.5,2.6,2.5,2.5,73820,DCT
2014-11-03,2.5,2.5,2.4,2.5,52930,DCT
2014-11-04,2.4,2.5,2.4,2.5,21780,DCT
2014-11-05,2.5,2.5,2.4,2.5,152820,DCT
2014-11-06,2.5,2.5,2.4,2.4,29000,DCT
2014-11-07,2.5,2.5,2.4,2.4,73300,DCT
2014-11-10,2.4,2.5,2.4,2.5,52650,DCT
2014-11-11,2.5,2.5,2.4,2.4,38390,DCT
2014-11-12,2.4,2.5,2.4,2.4,81630,DCT
2014-11-13,2.5,2.5,2.4,2.5,84610,DCT
2014-11-14,2.5,2.5,2.4,2.4,86790,DCT
2014-11-17,2.5,2.5,2.4,2.5,46100,DCT
2014-11-18,2.4,2.5,2.4,2.5,116990,DCT
2014-11-19,2.5,2.5,2.4,2.4,100110,DCT
2014-11-20,2.4,2.5,2.4,2.4,125330,DCT
2014-11-21,2.4,2.5,2.4,2.4,26970,DCT
2014-11-24,2.4,2.5,2.3,2.4,45550,DCT
2014-11-25,2.4,2.5,2.3,2.4,61130,DCT
2014-11-26,2.4,2.5,2.3,2.4,45680,DCT
2014-11-27,2.3,2.5,2.3,2.5,92880,DCT
2014-11-28,2.4,2.5,2.4,2.5,98120,DCT
2014-12-01,2.5,2.5,2.4,2.4,102110,DCT
2014-12-02,2.3,2.5,2.3,2.5,76590,DCT
2014-12-03,2.4,2.5,2.4,2.5,37110,DCT
2014-12-04,2.4,2.4,2.4,2.4,13880,DCT
2014-12-05,2.3,2.4,2.3,2.4,77960,DCT
2014-12-08,2.3,2.3,2.3,2.3,29560,DCT
2014-12-09,2.3,2.3,2.2,2.3,123240,DCT
2014-12-10,2.3,2.3,2.2,2.3,19240,DCT
2014-12-11,2.3,2.3,2.2,2.3,6710,DCT
2014-12-12,2.3,2.3,2.2,2.2,68090,DCT
2014-12-15,2.2,2.3,2.1,2.2,89740,DCT
2014-12-16,2.2,2.3,2.2,2.3,47180,DCT
2014-12-17,2.3,2.3,2.2,2.3,58610,DCT
2014-12-18,2.2,2.3,2.2,2.3,48490,DCT
2014-12-19,2.3,2.3,2.2,2.3,29720,DCT
2014-12-22,2.2,2.3,2.2,2.3,39920,DCT
2014-12-23,2.2,2.3,2.2,2.2,42140,DCT
2014-12-24,2.2,2.3,2.1,2.2,17400,DCT
2014-12-25,2.2,2.3,2.1,2.3,75820,DCT
2014-12-26,2.2,2.3,2.2,2.3,21090,DCT
2014-12-29,2.2,2.3,2.2,2.2,8200,DCT
2014-12-30,2.1,2.2,2.1,2.1,9150,DCT
2014-12-31,2.2,2.2,2.1,2.2,44600,DCT
2015-01-05,2.2,2.3,2.2,2.3,47030,DCT
2015-01-06,2.2,2.3,2.2,2.3,73030,DCT
2015-01-07,2.2,2.3,2.2,2.3,39150,DCT
2015-01-08,2.2,2.2,2.2,2.2,41460,DCT
2015-01-09,2.1,2.2,2.1,2.1,108650,DCT
2015-01-12,2.1,2.2,2.0,2.2,143990,DCT
2015-01-13,2.2,2.3,2.2,2.2,46360,DCT
2015-01-14,2.2,2.3,2.1,2.3,73680,DCT
2015-01-15,2.3,2.3,2.2,2.3,68800,DCT
2015-01-16,2.2,2.3,2.2,2.3,33220,DCT
2015-01-19,2.2,2.3,2.2,2.3,73000,DCT
2015-01-20,2.2,2.3,2.2,2.2,48540,DCT
2015-01-21,2.2,2.3,2.1,2.2,106590,DCT
2015-01-22,2.1,2.2,2.1,2.1,145670,DCT
2015-01-23,2.1,2.1,2.0,2.1,38060,DCT
2015-01-26,2.0,2.1,2.0,2.0,87460,DCT
2015-01-27,1.9,2.0,1.9,2.0,204250,DCT
2015-01-28,1.9,2.0,1.9,2.0,112330,DCT
2015-01-29,1.9,2.0,1.9,1.9,89750,DCT
2015-01-30,1.8,1.9,1.8,1.8,69400,DCT
2015-02-02,1.7,1.7,1.7,1.7,10280,DCT
2015-02-03,1.6,1.7,1.6,1.6,231360,DCT
2015-02-04,1.5,1.5,1.5,1.5,99030,DCT
2015-02-05,1.4,1.4,1.4,1.4,181870,DCT
2015-02-06,1.3,1.3,1.3,1.3,37880,DCT
2015-02-09,1.2,1.4,1.2,1.4,248650,DCT
2015-02-10,1.5,1.5,1.4,1.5,28120,DCT
2015-02-11,1.6,1.6,1.6,1.6,164250,DCT
2015-02-12,1.6,1.7,1.5,1.7,113770,DCT
2015-02-13,1.7,1.8,1.7,1.7,69200,DCT
2015-02-24,1.7,1.8,1.7,1.8,71320,DCT
2015-02-25,1.8,1.8,1.7,1.7,31910,DCT
2015-02-26,1.6,1.8,1.6,1.7,169330,DCT
2015-02-27,1.7,1.8,1.7,1.8,178620,DCT
2015-03-02,1.8,1.9,1.7,1.9,67880,DCT
2015-03-03,1.9,2.0,1.9,1.9,48480,DCT
2015-03-04,1.8,2.0,1.8,2.0,218790,DCT
2015-03-05,2.0,2.1,2.0,2.1,174170,DCT
2015-03-06,2.1,2.2,2.1,2.2,108600,DCT
2015-03-09,2.2,2.3,2.2,2.3,237190,DCT
2015-03-10,2.3,2.4,2.3,2.4,135950,DCT
2015-03-11,2.5,2.5,2.3,2.4,282150,DCT
2015-03-12,2.3,2.5,2.3,2.5,351420,DCT
2015-03-13,2.6,2.6,2.6,2.6,250010,DCT
2015-03-16,2.7,2.7,2.6,2.7,42700,DCT
2015-03-17,2.8,2.8,2.8,2.8,283390,DCT
2015-03-18,2.8,2.9,2.7,2.9,381210,DCT
2015-03-19,3.0,3.1,2.7,3.1,947350,DCT
2015-03-20,3.2,3.2,2.9,2.9,1147800,DCT
2015-03-23,2.8,3.1,2.8,2.9,611790,DCT
2015-03-24,2.9,3.0,2.7,2.8,51820,DCT
2015-03-25,2.8,2.8,2.7,2.7,44430,DCT
2015-03-26,2.6,2.6,2.6,2.6,10270,DCT
2015-03-27,2.5,2.5,2.5,2.5,11800,DCT
2015-03-30,2.4,2.4,2.4,2.4,5050,DCT
2015-03-31,2.3,2.3,2.3,2.3,3270,DCT
2015-04-01,2.2,2.2,2.2,2.2,2130,DCT
2015-04-02,2.1,2.1,2.1,2.1,2730,DCT
2015-04-03,2.0,2.2,2.0,2.2,171210,DCT
2015-04-06,2.2,2.3,2.1,2.3,84390,DCT
2015-04-07,2.2,2.3,2.2,2.2,66500,DCT
2015-04-08,2.2,2.3,2.1,2.3,82140,DCT
2015-04-09,2.3,2.3,2.2,2.3,23580,DCT
2015-04-10,2.2,2.3,2.2,2.2,209540,DCT
2015-04-13,2.1,2.1,2.1,2.1,10790,DCT
2015-04-14,2.0,2.0,2.0,2.0,2770,DCT
2015-04-15,1.9,1.9,1.9,1.9,5920,DCT
2015-04-16,1.8,1.9,1.8,1.9,297700,DCT
2015-04-17,1.8,2.0,1.8,2.0,273830,DCT
2015-04-20,1.9,2.1,1.9,2.1,91750,DCT
2015-04-21,2.2,2.2,2.0,2.1,173590,DCT
2015-04-22,2.2,2.2,2.1,2.1,132010,DCT
2015-04-23,2.2,2.2,2.2,2.2,197380,DCT
2015-04-24,2.3,2.3,2.3,2.3,51820,DCT
2015-04-27,2.4,2.4,2.4,2.4,71570,DCT
2015-05-04,2.5,2.5,2.3,2.3,202930,DCT
2015-05-05,2.2,2.4,2.2,2.2,231970,DCT
2015-05-06,2.3,2.3,2.1,2.3,115110,DCT
2015-05-07,2.3,2.4,2.2,2.2,78850,DCT
2016-04-07,1.8,2.9,1.8,2.8,54500,DCT
2016-04-08,2.5,2.8,2.4,2.8,6500,DCT
2016-04-11,2.4,2.4,2.2,2.2,20320,DCT
2016-04-12,2.0,2.0,1.9,1.9,4900,DCT
2016-04-13,1.7,1.7,1.7,1.7,13260,DCT
2016-04-14,1.5,1.7,1.5,1.7,2200,DCT
2016-04-15,1.7,1.7,1.5,1.5,15110,DCT
2016-04-19,1.5,1.5,1.5,1.5,213620,DCT
2016-04-20,1.7,1.7,1.7,1.7,2800,DCT
2016-04-21,1.7,1.8,1.7,1.8,5520,DCT
2016-04-22,1.8,1.8,1.6,1.7,18150,DCT
2016-04-25,1.7,1.7,1.7,1.7,235,DCT
2016-04-26,1.7,1.9,1.7,1.9,27007,DCT
2016-04-27,1.8,2.0,1.8,2.0,15802,DCT
2016-04-28,2.0,2.3,1.8,2.3,297400,DCT
2016-04-29,2.3,2.6,2.0,2.6,197800,DCT
2016-05-04,2.4,2.4,2.3,2.3,5900,DCT
2016-05-05,2.3,2.6,2.2,2.6,24300,DCT
2016-05-06,2.5,2.7,2.5,2.7,372600,DCT
2016-05-09,2.9,3.1,2.8,3.0,152100,DCT
2016-05-10,3.1,3.1,2.6,2.6,4100,DCT
2016-05-11,3.1,3.1,2.5,2.8,1900,DCT
2016-05-12,2.5,2.5,2.5,2.5,314,DCT
2016-05-13,2.2,2.5,2.2,2.5,920,DCT
2016-05-16,2.6,2.6,2.6,2.6,100,DCT
2016-05-17,2.6,2.6,2.4,2.6,400,DCT
2016-05-18,2.3,2.5,2.3,2.5,2300,DCT
2016-05-19,2.3,2.3,2.3,2.3,5400,DCT
2016-05-20,2.3,2.3,2.3,2.3,0,DCT
2016-05-23,2.2,2.5,2.1,2.1,2200,DCT
2016-05-24,2.0,2.0,1.9,2.0,8600,DCT
2016-05-25,1.9,1.9,1.7,1.8,25800,DCT
2016-05-26,1.7,1.7,1.7,1.7,300,DCT
2016-05-27,1.9,1.9,1.9,1.9,1100,DCT
2016-05-30,1.9,1.9,1.9,1.9,800,DCT
2016-05-31,1.9,1.9,1.9,1.9,500,DCT
2016-06-01,1.9,1.9,1.9,1.9,5,DCT
2016-06-02,2.0,2.0,1.7,1.9,1100,DCT
2016-06-03,1.7,1.7,1.6,1.6,2500,DCT
2016-06-06,1.8,1.8,1.8,1.8,1200,DCT
2016-06-07,1.6,1.6,1.6,1.6,1000,DCT
2016-06-08,1.6,1.6,1.4,1.4,6300,DCT
2016-06-09,1.5,1.5,1.5,1.5,3550,DCT
2016-06-10,1.5,1.7,1.5,1.7,1100,DCT
2016-06-13,1.7,1.7,1.7,1.7,1100,DCT
2016-06-14,1.7,1.9,1.7,1.9,3800,DCT
2016-06-15,1.9,1.9,1.9,1.9,100,DCT
2016-06-16,1.7,1.7,1.7,1.7,220,DCT
2016-06-17,1.6,1.6,1.5,1.5,20650,DCT
2016-06-20,1.7,1.7,1.5,1.6,2300,DCT
2016-06-21,1.5,1.7,1.5,1.7,5900,DCT
2016-06-22,1.7,1.7,1.5,1.7,7000,DCT
2016-06-23,1.7,1.8,1.6,1.7,13500,DCT
2016-06-24,1.7,1.9,1.7,1.8,28400,DCT
2016-06-27,1.8,2.0,1.7,2.0,15600,DCT
2016-06-28,1.7,1.7,1.7,1.7,1000,DCT
2016-06-29,1.9,1.9,1.9,1.9,13000,DCT
2016-06-30,1.9,2.1,1.9,2.1,11000,DCT
2016-07-01,2.0,2.4,2.0,2.4,70600,DCT
2016-07-04,2.4,2.5,2.1,2.3,3100,DCT
2016-07-05,2.2,2.7,2.2,2.7,111800,DCT
2016-07-06,2.7,2.7,2.5,2.5,200,DCT
2016-07-07,2.5,2.6,2.5,2.5,300,DCT
2016-07-08,2.3,2.3,2.2,2.2,2200,DCT
2016-07-11,2.4,2.5,2.2,2.5,22500,DCT
2016-07-12,2.2,2.2,2.2,2.2,400,DCT
2016-07-13,2.5,2.5,2.5,2.5,19300,DCT
2016-07-14,2.5,2.5,2.5,2.5,0,DCT
2016-07-15,2.4,2.6,2.3,2.6,2610,DCT
2016-07-18,2.3,2.5,2.2,2.5,2700,DCT
2016-07-19,2.4,2.4,2.4,2.4,200,DCT
2016-07-20,2.4,2.4,2.1,2.1,3100,DCT
2016-07-21,2.1,2.1,2.1,2.1,500,DCT
2016-07-22,2.4,2.4,1.9,2.2,25200,DCT
2016-07-25,2.2,2.2,2.2,2.2,0,DCT
2016-07-26,2.2,2.2,2.2,2.2,0,DCT
2016-07-27,2.4,2.4,2.4,2.4,100,DCT
2016-07-28,2.2,2.2,2.2,2.2,200,DCT
2016-07-29,2.0,2.0,2.0,2.0,400,DCT
2016-08-01,2.3,2.3,2.3,2.3,700,DCT
2016-08-02,2.0,2.0,2.0,2.0,800,DCT
2016-08-03,2.2,2.2,2.2,2.2,100,DCT
2016-08-04,2.0,2.0,2.0,2.0,400,DCT
2016-08-05,1.7,2.1,1.7,2.1,400,DCT
2016-08-08,2.1,2.1,2.1,2.1,0,DCT
2016-08-09,1.9,1.9,1.9,1.9,400,DCT
2016-08-10,1.8,1.8,1.7,1.7,13000,DCT
2016-08-11,1.6,1.7,1.6,1.7,10900,DCT
2016-08-12,1.7,1.7,1.7,0.0,500,DCT
2016-08-15,1.9,1.9,1.9,1.9,200,DCT
2016-08-16,1.8,1.8,1.7,1.7,2090,DCT
2016-08-17,1.8,1.8,1.6,1.6,2960,DCT
2016-08-18,1.7,1.7,1.6,1.6,3000,DCT
2016-08-19,1.8,1.8,1.5,1.5,2520,DCT
2016-08-22,1.7,1.7,1.7,1.7,100,DCT
2016-08-23,1.8,1.8,1.8,1.8,3000,DCT
2016-08-24,1.8,1.8,1.8,1.8,0,DCT
2016-08-25,1.7,1.7,1.6,1.6,2000,DCT
2016-08-26,1.5,1.5,1.5,1.5,3300,DCT
2016-08-29,1.7,1.7,1.3,1.6,11200,DCT
2016-08-30,1.6,1.6,1.5,1.6,1600,DCT
2016-08-31,1.6,1.6,1.6,1.6,0,DCT
2016-09-01,1.6,1.6,1.6,1.6,0,DCT
2016-09-05,1.6,1.6,1.6,1.6,0,DCT
2016-09-06,1.6,1.6,1.6,1.6,0,DCT
2016-09-07,1.6,1.6,1.6,1.6,0,DCT
2016-09-08,1.6,1.6,1.6,1.6,0,DCT
2016-09-09,1.4,1.5,1.4,1.5,4200,DCT
2016-09-12,1.5,1.5,1.5,1.5,0,DCT
2016-09-13,1.5,1.5,1.5,1.5,0,DCT
2016-09-14,1.5,1.5,1.5,1.5,0,DCT
2016-09-15,1.5,1.5,1.5,1.5,0,DCT
2016-09-16,1.5,1.5,1.5,1.5,200,DCT
2016-09-19,1.5,1.5,1.5,1.5,0,DCT
2016-09-20,1.5,1.5,1.5,1.5,0,DCT
2016-09-21,1.5,1.5,1.5,1.5,0,DCT
2016-09-22,1.5,1.5,1.5,1.5,0,DCT
2016-09-23,1.5,1.5,1.5,1.5,40,DCT
2016-09-26,1.5,1.5,1.5,1.5,0,DCT
2016-09-27,1.5,1.5,1.5,1.5,0,DCT
2016-09-28,1.5,1.5,1.5,1.5,0,DCT
2016-09-29,1.5,1.5,1.5,1.5,0,DCT
2016-09-30,1.3,1.5,1.3,1.5,2310,DCT
2016-10-03,1.5,1.5,1.5,1.5,0,DCT
2016-10-04,1.5,1.5,1.5,1.5,0,DCT
2016-10-05,1.5,1.5,1.5,1.5,0,DCT
2016-10-06,1.5,1.5,1.5,1.5,0,DCT
2016-10-07,1.4,1.4,1.4,1.4,1050,DCT
2016-10-10,1.4,1.4,1.4,1.4,0,DCT
2016-10-11,1.4,1.4,1.4,1.4,0,DCT
2016-10-12,1.4,1.4,1.4,1.4,0,DCT
2016-10-13,1.4,1.4,1.4,1.4,0,DCT
2016-10-14,1.2,1.2,1.2,1.2,1100,DCT
2016-10-17,1.2,1.2,1.2,1.2,0,DCT
2016-10-18,1.2,1.2,1.2,1.2,0,DCT
2016-10-19,1.2,1.2,1.2,1.2,0,DCT
2016-10-20,1.2,1.2,1.2,1.2,0,DCT
2016-10-21,1.1,1.3,1.1,1.3,3325,DCT
2016-10-24,1.3,1.3,1.3,1.3,0,DCT
2016-10-25,1.3,1.3,1.3,1.3,0,DCT
2016-10-26,1.3,1.3,1.3,1.3,0,DCT
2016-10-27,1.3,1.3,1.3,1.3,0,DCT
2016-10-28,1.0,1.0,1.0,1.0,1010,DCT
2016-10-31,1.0,1.0,1.0,1.0,0,DCT
2016-11-01,1.0,1.0,1.0,1.0,0,DCT
2016-11-02,1.0,1.0,1.0,1.0,0,DCT
2016-11-03,1.0,1.0,1.0,1.0,0,DCT
2016-11-04,0.9,1.0,0.9,1.0,2100,DCT
2016-11-07,1.0,1.0,1.0,1.0,0,DCT
2016-11-08,1.0,1.0,1.0,1.0,0,DCT
2016-11-09,1.0,1.0,1.0,1.0,0,DCT
2016-11-10,1.0,1.0,1.0,1.0,0,DCT
2016-11-11,1.0,1.0,0.9,0.9,3700,DCT
2016-11-14,0.9,0.9,0.9,0.9,0,DCT
2016-11-15,0.9,0.9,0.9,0.9,0,DCT
2016-11-16,0.9,0.9,0.9,0.9,0,DCT
2016-11-17,0.9,0.9,0.9,0.9,0,DCT
2016-11-18,0.9,1.1,0.9,1.1,7710,DCT
2016-11-21,1.1,1.1,1.1,1.1,0,DCT
2016-11-22,1.1,1.1,1.1,1.1,0,DCT
2016-11-23,1.1,1.1,1.1,1.1,0,DCT
2016-11-24,1.1,1.1,1.1,1.1,0,DCT
2016-11-25,0.8,0.9,0.8,0.8,15050,DCT
2016-11-28,0.8,0.8,0.8,0.8,0,DCT
2016-11-29,0.8,0.8,0.8,0.8,0,DCT
2016-11-30,0.8,0.8,0.8,0.8,0,DCT
2016-12-01,0.8,0.8,0.8,0.8,0,DCT
2016-12-02,0.8,0.8,0.8,0.8,1500,DCT
2016-12-05,0.8,0.8,0.8,0.8,0,DCT
2016-12-06,0.8,0.8,0.8,0.8,0,DCT
2016-12-07,0.8,0.8,0.8,0.8,0,DCT
2016-12-08,0.8,0.8,0.8,0.8,0,DCT
2016-12-09,0.9,0.9,0.8,0.8,3700,DCT
2016-12-12,0.8,0.8,0.8,0.8,0,DCT
2016-12-13,0.8,0.8,0.8,0.8,0,DCT
2016-12-14,0.8,0.8,0.8,0.8,0,DCT
2016-12-15,0.8,0.8,0.8,0.8,0,DCT
2016-12-16,0.9,0.9,0.9,0.9,100,DCT
2016-12-19,0.9,0.9,0.9,0.9,0,DCT
2016-12-20,0.9,0.9,0.9,0.9,0,DCT
2016-12-21,0.9,0.9,0.9,0.9,0,DCT
2016-12-22,0.9,0.9,0.9,0.9,0,DCT
2016-12-23,1.0,1.0,1.0,1.0,900,DCT
2016-12-26,1.0,1.0,1.0,1.0,0,DCT
2016-12-27,1.0,1.0,1.0,1.0,0,DCT
2016-12-28,1.0,1.0,1.0,1.0,0,DCT
2016-12-29,1.0,1.0,1.0,1.0,0,DCT
2016-12-30,1.1,1.1,1.0,1.0,4700,DCT
2017-01-03,1.0,1.0,1.0,1.0,0,DCT
2017-01-04,1.0,1.0,1.0,1.0,0,DCT
2017-01-05,1.0,1.0,1.0,1.0,0,DCT
2017-01-06,1.0,1.0,0.9,1.0,10150,DCT
2017-01-09,1.0,1.0,1.0,1.0,0,DCT
2017-01-10,1.0,1.0,1.0,1.0,0,DCT
2017-01-11,1.0,1.0,1.0,1.0,0,DCT
2017-01-12,1.0,1.0,1.0,1.0,0,DCT
2017-01-13,1.0,1.0,1.0,1.0,0,DCT
2017-01-16,1.0,1.0,1.0,1.0,0,DCT
2017-01-17,1.0,1.0,1.0,1.0,0,DCT
2017-01-18,1.0,1.0,1.0,1.0,0,DCT
2017-01-19,1.0,1.0,1.0,1.0,0,DCT
2017-01-20,1.1,1.1,1.1,1.1,2100,DCT
2017-01-23,1.1,1.1,1.1,1.1,0,DCT
2017-01-24,1.1,1.1,1.1,1.1,0,DCT
2017-01-25,1.1,1.1,1.1,1.1,0,DCT
2017-02-02,1.1,1.1,1.1,1.1,0,DCT
2017-02-03,1.1,1.1,1.1,1.1,0,DCT
2017-02-06,1.1,1.1,1.1,1.1,0,DCT
2017-02-07,1.1,1.1,1.1,1.1,0,DCT
2017-02-08,1.1,1.1,1.1,1.1,0,DCT
2017-02-09,1.1,1.1,1.1,1.1,0,DCT
2017-02-10,1.2,1.2,1.2,1.2,100,DCT
2017-02-13,1.2,1.2,1.2,1.2,0,DCT
2017-02-14,1.2,1.2,1.2,1.2,0,DCT
2017-02-15,1.2,1.2,1.2,1.2,0,DCT
2017-02-16,1.2,1.2,1.2,1.2,0,DCT
2017-02-17,1.1,1.2,1.1,1.1,5718,DCT
2017-02-20,1.1,1.1,1.1,1.1,0,DCT
2017-02-21,1.1,1.1,1.1,1.1,0,DCT
2017-02-22,1.1,1.1,1.1,1.1,0,DCT
2017-02-23,1.1,1.1,1.1,1.1,0,DCT
2017-02-24,1.1,1.2,1.0,1.2,8200,DCT
2017-02-27,1.2,1.2,1.2,1.2,0,DCT
2017-02-28,1.2,1.2,1.2,1.2,0,DCT
2017-03-01,1.2,1.2,1.2,1.2,0,DCT
2017-03-02,1.2,1.2,1.2,1.2,0,DCT
2017-03-03,1.1,1.1,1.0,1.0,13020,DCT
2017-03-06,1.0,1.0,1.0,1.0,0,DCT
2017-03-07,1.0,1.0,1.0,1.0,0,DCT
2017-03-08,1.0,1.0,1.0,1.0,0,DCT
2017-03-09,1.0,1.0,1.0,1.0,0,DCT
2017-03-10,1.0,1.0,1.0,1.0,13822,DCT
2017-03-13,1.0,1.0,1.0,1.0,0,DCT
2017-03-14,1.0,1.0,1.0,1.0,0,DCT
2017-03-15,1.0,1.0,1.0,1.0,0,DCT
2017-03-16,1.0,1.0,1.0,1.0,0,DCT
2017-03-17,1.0,1.0,0.9,0.9,21005,DCT
2017-03-20,0.9,0.9,0.9,0.9,0,DCT
2017-03-21,1.0,1.0,1.0,1.0,0,DCT
2017-03-22,1.0,1.0,1.0,1.0,0,DCT
2017-03-23,1.0,1.0,1.0,1.0,0,DCT
2017-03-24,1.0,1.0,0.9,0.9,4435,DCT
2017-03-27,0.9,0.9,0.9,0.9,0,DCT
2017-03-28,0.9,0.9,0.9,0.9,0,DCT
2017-03-29,0.9,0.9,0.9,0.9,0,DCT
2017-03-30,0.9,0.9,0.9,0.9,0,DCT
2017-03-31,0.9,0.9,0.8,0.9,17000,DCT
2017-04-03,0.8,0.8,0.8,0.8,0,DCT
2017-04-04,0.8,0.8,0.8,0.8,0,DCT
2017-04-05,0.8,0.8,0.8,0.8,0,DCT
2017-04-07,0.7,0.8,0.7,0.8,11510,DCT
2017-04-10,0.8,0.8,0.8,0.8,0,DCT
2017-04-11,0.8,0.8,0.8,0.8,0,DCT
2017-04-12,0.8,0.8,0.8,0.8,0,DCT
2017-04-13,0.8,0.8,0.8,0.8,0,DCT
2017-04-14,0.9,0.9,0.7,0.7,6400,DCT
2017-04-17,0.8,0.8,0.8,0.8,0,DCT
2017-04-18,0.8,0.8,0.8,0.8,0,DCT
2017-04-19,0.8,0.8,0.8,0.8,0,DCT
2017-04-20,0.8,0.8,0.8,0.8,0,DCT
2017-04-21,0.9,0.9,0.9,0.9,1100,DCT
2017-04-24,0.9,0.9,0.9,0.9,0,DCT
2017-04-25,0.9,0.9,0.9,0.9,0,DCT
2017-04-26,0.9,0.9,0.9,0.9,0,DCT
2017-04-27,0.9,0.9,0.9,0.9,0,DCT
2017-04-28,0.8,0.9,0.8,0.9,14885,DCT
2017-05-03,0.9,0.9,0.9,0.9,0,DCT
2017-05-04,0.9,0.9,0.9,0.9,0,DCT
2017-05-05,0.9,0.9,0.8,0.8,5030,DCT
2017-05-08,0.9,0.9,0.9,0.9,0,DCT
2017-05-09,0.9,0.9,0.9,0.9,0,DCT
2017-05-10,0.9,0.9,0.9,0.9,0,DCT
2017-05-11,0.9,0.9,0.9,0.9,0,DCT
2017-05-12,0.9,1.0,0.9,0.9,80500,DCT
2017-05-15,1.0,1.0,1.0,1.0,0,DCT
2017-05-16,1.0,1.0,1.0,1.0,0,DCT
2017-05-17,1.0,1.0,1.0,1.0,0,DCT
2017-05-18,1.0,1.0,1.0,1.0,0,DCT
2017-05-19,0.9,1.1,0.9,1.0,17100,DCT
2017-05-22,1.0,1.0,1.0,1.0,0,DCT
2017-05-23,1.0,1.0,1.0,1.0,0,DCT
2017-05-24,1.0,1.0,1.0,1.0,0,DCT
2017-05-25,1.0,1.0,1.0,1.0,0,DCT
2017-05-26,1.0,1.1,1.0,1.1,23870,DCT
2017-05-29,1.1,1.1,1.1,1.1,0,DCT
2017-05-30,1.1,1.1,1.1,1.1,0,DCT
2017-05-31,1.1,1.1,1.1,1.1,0,DCT
2017-06-01,1.1,1.1,1.1,1.1,0,DCT
2017-06-02,1.1,1.1,1.1,1.1,0,DCT
2017-06-05,1.1,1.1,1.1,1.1,0,DCT
2017-06-06,1.1,1.1,1.1,1.1,0,DCT
2017-06-07,1.1,1.1,1.1,1.1,0,DCT
2017-06-08,1.1,1.1,1.1,1.1,0,DCT
2017-06-09,1.0,1.2,1.0,1.2,25160,DCT
2017-06-12,1.1,1.1,1.1,1.1,0,DCT
2017-06-13,1.1,1.1,1.1,1.1,0,DCT
2017-06-14,1.1,1.1,1.1,1.1,0,DCT
2017-06-15,1.1,1.1,1.1,1.1,0,DCT
2017-06-16,1.2,1.2,1.1,1.2,23547,DCT
2017-06-19,1.2,1.2,1.2,1.2,0,DCT
2017-06-20,1.2,1.2,1.2,1.2,0,DCT
2017-06-21,1.2,1.2,1.2,1.2,0,DCT
2017-06-22,1.2,1.2,1.2,1.2,0,DCT
2017-06-23,1.3,1.3,1.2,1.3,16030,DCT
2017-06-26,1.3,1.3,1.3,1.3,0,DCT
2017-06-27,1.3,1.3,1.3,1.3,0,DCT
2017-06-28,1.3,1.3,1.3,1.3,0,DCT
2017-06-29,1.3,1.3,1.3,1.3,0,DCT
2017-06-30,1.4,1.4,1.4,1.4,6900,DCT
2017-07-03,1.4,1.4,1.4,1.4,0,DCT
2017-07-04,1.4,1.4,1.4,1.4,0,DCT
2017-07-05,1.4,1.4,1.4,1.4,0,DCT
2017-07-06,1.4,1.4,1.4,1.4,0,DCT
2017-07-07,1.2,1.6,1.2,1.5,4500,DCT
2017-07-10,1.4,1.4,1.4,1.4,0,DCT
2017-07-11,1.4,1.4,1.4,1.4,0,DCT
2017-07-12,1.4,1.4,1.4,1.4,0,DCT
2017-07-13,1.4,1.4,1.4,1.4,0,DCT
2017-07-14,1.4,1.5,1.4,1.5,1263,DCT
2017-07-17,1.5,1.5,1.5,1.5,0,DCT
2017-07-18,1.5,1.5,1.5,1.5,0,DCT
2017-07-19,1.5,1.5,1.5,1.5,0,DCT
2017-07-20,1.5,1.5,1.5,1.5,0,DCT
2017-07-21,1.5,1.6,1.5,1.5,11301,DCT
2017-07-24,1.6,1.6,1.6,1.6,0,DCT
2017-07-25,1.6,1.6,1.6,1.6,0,DCT
2017-07-26,1.6,1.6,1.6,1.6,0,DCT
2017-07-27,1.6,1.6,1.6,1.6,0,DCT
2017-07-28,1.6,1.6,1.6,1.6,0,DCT
2017-07-31,1.6,1.6,1.6,1.6,0,DCT
2017-08-01,1.6,1.6,1.6,1.6,0,DCT
2017-08-02,1.6,1.6,1.6,1.6,0,DCT
2017-08-03,1.6,1.6,1.6,1.6,0,DCT
2017-08-04,1.8,1.8,1.6,1.6,200,DCT
2017-08-07,1.7,1.7,1.7,1.7,0,DCT
2017-08-08,1.7,1.7,1.7,1.7,0,DCT
2017-08-09,1.7,1.7,1.7,1.7,0,DCT
2017-08-10,1.7,1.7,1.7,1.7,0,DCT
2017-08-11,1.6,1.6,1.6,1.6,15000,DCT
2017-08-14,1.6,1.6,1.6,1.6,0,DCT
2017-08-15,1.6,1.6,1.6,1.6,0,DCT
2017-08-16,1.6,1.6,1.6,1.6,0,DCT
2017-08-17,1.6,1.6,1.6,1.6,0,DCT
2017-08-18,1.5,1.5,1.5,1.5,541,DCT
2017-08-21,1.5,1.5,1.5,1.5,541,DCT
2017-08-22,1.5,1.5,1.5,1.5,0,DCT
2017-08-23,1.5,1.5,1.5,1.5,0,DCT
2017-08-24,1.5,1.5,1.5,1.5,0,DCT
2017-08-25,1.5,1.5,1.5,1.5,0,DCT
2017-08-28,1.5,1.5,1.5,1.5,0,DCT
2017-08-29,1.5,1.5,1.5,1.5,0,DCT
2017-08-30,1.5,1.5,1.5,1.5,0,DCT
2017-08-31,1.5,1.5,1.5,1.5,0,DCT
2017-09-01,1.5,1.6,1.3,1.6,15600,DCT
2017-09-05,1.5,1.5,1.5,1.5,0,DCT
2017-09-06,1.5,1.5,1.5,1.5,0,DCT
2017-09-07,1.5,1.5,1.5,1.5,0,DCT
2017-09-08,1.5,1.5,1.5,1.6,1,DCT
2017-09-11,1.5,1.5,1.5,1.5,0,DCT
2017-09-12,1.5,1.5,1.5,1.5,0,DCT
2017-09-13,1.5,1.5,1.5,1.5,0,DCT
2017-09-14,1.5,1.5,1.5,1.5,0,DCT
2017-09-15,1.4,1.4,1.3,1.3,3150,DCT
2017-09-18,1.4,1.4,1.4,1.4,0,DCT
2017-09-19,1.4,1.4,1.4,1.4,0,DCT
2017-09-20,1.4,1.4,1.4,1.4,0,DCT
2017-09-21,1.4,1.4,1.4,1.4,0,DCT
2017-09-22,1.6,1.6,1.5,1.5,8557,DCT
2017-09-25,1.6,1.6,1.6,1.6,0,DCT
2017-09-26,1.6,1.6,1.6,1.6,0,DCT
2017-09-27,1.6,1.6,1.6,1.6,0,DCT
2017-09-28,1.6,1.6,1.6,1.6,0,DCT
2017-09-29,1.6,1.8,1.4,1.8,24100,DCT
2017-10-02,1.7,1.7,1.7,1.7,0,DCT
2017-10-03,1.7,1.7,1.7,1.7,0,DCT
2017-10-04,1.7,1.7,1.7,1.7,0,DCT
2017-10-05,1.7,1.7,1.7,1.7,0,DCT
2017-10-06,1.8,1.9,1.5,1.5,26700,DCT
2017-10-09,1.8,1.8,1.8,1.8,0,DCT
2017-10-10,1.8,1.8,1.8,1.8,0,DCT
2017-10-11,1.8,1.8,1.8,1.8,0,DCT
2017-10-12,1.8,1.8,1.8,1.8,0,DCT
2017-10-13,1.8,1.8,1.8,1.5,10,DCT
2017-10-16,1.8,1.8,1.8,1.8,0,DCT
2017-10-17,1.8,1.8,1.8,1.8,0,DCT
2017-10-18,1.8,1.8,1.8,1.8,0,DCT
2017-10-19,1.8,1.8,1.8,1.8,0,DCT
2017-10-20,1.8,1.8,1.8,1.8,0,DCT
2017-10-23,1.8,1.8,1.8,1.8,0,DCT
2017-10-24,1.8,1.8,1.8,1.8,0,DCT
2017-10-25,1.8,1.8,1.8,1.8,0,DCT
2017-10-26,1.8,1.8,1.8,1.8,0,DCT
2017-10-27,2.0,2.0,1.7,1.9,38210,DCT
2017-10-30,1.9,1.9,1.9,1.9,0,DCT
2017-10-31,1.9,1.9,1.9,1.9,0,DCT
2017-11-01,1.9,1.9,1.9,1.9,0,DCT
2017-11-02,1.9,1.9,1.9,1.9,0,DCT
2017-11-03,1.8,1.8,1.8,1.8,2500,DCT
2017-11-06,1.8,1.8,1.8,1.8,0,DCT
2017-11-07,1.8,1.8,1.8,1.8,0,DCT
2017-11-08,1.8,1.8,1.8,1.8,0,DCT
2017-11-09,1.8,1.8,1.8,1.8,0,DCT
2017-11-10,1.6,2.0,1.6,1.6,25490,DCT
2017-11-13,1.9,1.9,1.9,1.9,0,DCT
2017-11-14,1.9,1.9,1.9,1.9,0,DCT
2017-11-15,1.9,1.9,1.9,1.9,0,DCT
2017-11-16,1.9,1.9,1.9,1.9,0,DCT
2017-11-17,1.7,1.8,1.7,1.8,2200,DCT
2017-11-20,1.8,1.8,1.8,1.8,0,DCT
2017-11-21,1.8,1.8,1.8,1.8,0,DCT
2017-11-22,1.8,1.8,1.8,1.8,0,DCT
2017-11-23,1.8,1.8,1.8,1.8,0,DCT
2017-11-24,1.6,1.8,1.6,1.8,29600,DCT
2017-11-27,1.8,1.8,1.8,1.8,0,DCT
2017-11-28,1.8,1.8,1.8,1.8,0,DCT
2017-11-29,1.8,1.8,1.8,1.8,0,DCT
2017-11-30,1.8,1.8,1.8,1.8,0,DCT
2017-12-01,1.6,1.6,1.6,1.6,4299,DCT
2017-12-04,1.6,1.6,1.6,1.6,0,DCT
2017-12-05,1.6,1.6,1.6,1.6,0,DCT
2017-12-06,1.6,1.6,1.6,1.6,0,DCT
2017-12-07,1.6,1.6,1.6,1.6,0,DCT
2017-12-08,1.8,1.8,1.6,1.6,36870,DCT
2017-12-11,1.7,1.7,1.7,1.7,0,DCT
2017-12-12,1.7,1.7,1.7,1.7,0,DCT
2017-12-13,1.7,1.7,1.7,1.7,0,DCT
2017-12-14,1.7,1.7,1.7,1.7,0,DCT
2017-12-15,1.5,1.7,1.5,1.7,16510,DCT
2017-12-18,1.6,1.6,1.6,1.6,0,DCT
2017-12-19,1.6,1.6,1.6,1.6,0,DCT
2017-12-20,1.6,1.6,1.6,1.6,0,DCT
2017-12-21,1.6,1.6,1.6,1.6,0,DCT
2017-12-22,1.5,1.8,1.5,1.8,33300,DCT
2017-12-25,1.5,1.5,1.5,1.5,0,DCT
2017-12-26,1.5,1.5,1.5,1.5,0,DCT
2017-12-27,1.5,1.5,1.5,1.5,0,DCT
2017-12-28,1.5,1.5,1.5,1.5,0,DCT
2017-12-29,1.3,1.7,1.3,1.5,10916,DCT
2018-01-02,1.5,1.5,1.5,1.5,0,DCT
2018-01-03,1.5,1.5,1.5,1.5,0,DCT
2018-01-04,1.5,1.5,1.5,1.5,0,DCT
2018-01-05,1.4,1.4,1.3,1.3,17100,DCT
2018-01-08,1.3,1.3,1.3,1.3,0,DCT
2018-01-09,1.3,1.3,1.3,1.3,0,DCT
2018-01-10,1.3,1.3,1.3,1.3,0,DCT
2018-01-11,1.3,1.3,1.3,1.3,0,DCT
2018-01-12,1.2,1.4,1.2,1.2,55300,DCT
2018-01-15,1.2,1.2,1.2,1.2,0,DCT
2018-01-16,1.2,1.2,1.2,1.2,0,DCT
2018-01-17,1.2,1.2,1.2,1.2,0,DCT
2018-01-18,1.2,1.2,1.2,1.2,0,DCT
2018-01-19,1.1,1.1,1.1,1.1,3518,DCT
2018-01-22,1.1,1.1,1.1,1.1,0,DCT
2018-01-23,1.1,1.1,1.1,1.1,0,DCT
2018-01-24,1.1,1.1,1.1,1.1,0,DCT
2018-01-25,1.1,1.1,1.1,1.1,0,DCT
2018-01-26,1.0,1.2,1.0,1.2,37660,DCT
2018-01-29,1.0,1.0,1.0,1.0,0,DCT
2018-01-30,1.0,1.0,1.0,1.0,0,DCT
2018-01-31,1.0,1.0,1.0,1.0,0,DCT
2018-02-01,1.0,1.0,1.0,1.0,0,DCT
2018-02-02,0.9,0.9,0.9,0.9,1000,DCT
2018-02-05,0.9,0.9,0.9,0.9,0,DCT
2018-02-06,0.9,0.9,0.9,0.9,0,DCT
2018-02-07,0.9,0.9,0.9,0.9,0,DCT
2018-02-08,0.9,0.9,0.9,0.9,0,DCT
2018-02-09,0.9,0.9,0.9,0.9,50,DCT
2018-02-12,0.9,0.9,0.9,0.9,0,DCT
2018-02-13,0.9,0.9,0.9,0.9,0,DCT
2018-02-21,0.9,0.9,0.9,0.9,0,DCT
2018-02-22,0.9,0.9,0.9,0.9,0,DCT
2018-02-23,0.8,0.8,0.8,0.8,6230,DCT
2018-02-26,0.8,0.8,0.8,0.8,0,DCT
2018-02-27,0.8,0.8,0.8,0.8,0,DCT
2018-02-28,0.8,0.8,0.8,0.8,0,DCT
2018-03-01,0.8,0.8,0.8,0.8,0,DCT
2018-03-02,0.7,0.7,0.7,0.7,100,DCT
2018-03-05,0.7,0.7,0.7,0.7,0,DCT
2018-03-06,0.7,0.7,0.7,0.7,0,DCT
2018-03-07,0.7,0.7,0.7,0.7,0,DCT
2018-03-08,0.7,0.7,0.7,0.7,0,DCT
2018-03-09,0.7,0.7,0.7,0.7,700,DCT
2018-03-12,0.7,0.7,0.7,0.7,0,DCT
2018-03-13,0.7,0.7,0.7,0.7,0,DCT
2018-03-14,0.7,0.7,0.7,0.7,0,DCT
2018-03-15,0.7,0.7,0.7,0.7,0,DCT
2018-03-16,0.7,0.7,0.7,0.7,13000,DCT
2018-03-19,0.7,0.7,0.7,0.7,0,DCT
2018-03-20,0.7,0.7,0.7,0.7,0,DCT
2018-03-21,0.7,0.7,0.7,0.7,0,DCT
2018-03-22,0.7,0.7,0.7,0.7,0,DCT
2018-03-23,0.7,0.7,0.7,0.7,0,DCT
2018-03-26,0.7,0.7,0.7,0.7,0,DCT
2018-03-27,0.7,0.7,0.7,0.7,0,DCT
2018-03-28,0.7,0.7,0.7,0.7,0,DCT
2018-03-29,0.7,0.7,0.7,0.7,0,DCT
2018-03-30,0.7,0.7,0.7,0.7,800,DCT
2018-04-02,0.7,0.7,0.7,0.7,0,DCT
2018-04-03,0.7,0.7,0.7,0.7,0,DCT
2018-04-04,0.7,0.7,0.7,0.7,0,DCT
2018-04-05,0.7,0.7,0.7,0.7,0,DCT
2018-04-06,0.8,0.8,0.8,0.8,2500,DCT
2018-04-09,0.8,0.8,0.8,0.8,0,DCT
2018-04-10,0.8,0.8,0.8,0.8,0,DCT
2018-04-11,0.8,0.8,0.8,0.8,0,DCT
2018-04-12,0.8,0.8,0.8,0.8,0,DCT
2018-04-13,0.8,0.8,0.8,0.8,0,DCT
2018-04-16,0.8,0.8,0.8,0.8,0,DCT
2018-04-17,0.8,0.8,0.8,0.8,0,DCT
2018-04-18,0.8,0.8,0.8,0.8,0,DCT
2018-04-19,0.8,0.8,0.8,0.8,0,DCT
2018-04-20,0.8,0.8,0.8,0.8,0,DCT
2018-04-23,0.8,0.8,0.8,0.8,0,DCT
2018-04-24,0.8,0.8,0.8,0.8,0,DCT
2018-04-26,0.8,0.8,0.8,0.8,0,DCT
2018-04-27,0.8,0.8,0.8,0.8,0,DCT
2018-05-02,0.8,0.8,0.8,0.8,0,DCT
2018-05-03,0.8,0.8,0.8,0.8,0,DCT
2018-05-04,0.8,0.8,0.8,0.8,0,DCT
2018-05-07,0.8,0.8,0.8,0.8,0,DCT
2018-05-08,0.8,0.8,0.8,0.8,0,DCT
2018-05-09,0.8,0.8,0.8,0.8,0,DCT
2018-05-10,0.8,0.8,0.8,0.8,0,DCT
2018-05-11,0.8,0.8,0.8,0.8,0,DCT
2018-05-14,0.8,0.8,0.8,0.8,0,DCT
2018-05-15,0.8,0.8,0.8,0.8,0,DCT
2018-05-16,0.8,0.8,0.8,0.8,0,DCT
2018-05-17,0.8,0.8,0.8,0.8,0,DCT
2018-05-18,0.8,0.8,0.8,0.8,0,DCT
2018-05-21,0.8,0.8,0.8,0.8,0,DCT
2018-05-22,0.8,0.8,0.8,0.8,0,DCT
2018-05-23,0.8,0.8,0.8,0.8,0,DCT
2018-05-24,0.8,0.8,0.8,0.8,0,DCT
2018-05-25,0.9,0.9,0.9,0.9,300,DCT
2018-05-28,0.9,0.9,0.9,0.9,0,DCT
2018-05-29,0.9,0.9,0.9,0.9,0,DCT
2018-05-30,0.9,0.9,0.9,0.9,0,DCT
2018-05-31,0.9,0.9,0.9,0.9,0,DCT
2018-06-01,1.0,1.0,1.0,1.0,4000,DCT
2018-06-04,1.0,1.0,1.0,1.0,0,DCT
2018-06-05,1.0,1.0,1.0,1.0,0,DCT
2018-06-06,1.0,1.0,1.0,1.0,0,DCT
2018-06-07,1.0,1.0,1.0,1.0,0,DCT
2018-06-08,1.1,1.1,1.1,1.1,100,DCT
2018-06-11,1.1,1.1,1.1,1.1,0,DCT
2018-06-12,1.1,1.1,1.1,1.1,0,DCT
2018-06-13,1.1,1.1,1.1,1.1,0,DCT
2018-06-14,1.1,1.1,1.1,1.1,0,DCT
2018-06-15,1.2,1.2,1.2,1.2,100,DCT
2018-06-18,1.2,1.2,1.2,1.2,0,DCT
2018-06-19,1.2,1.2,1.2,1.2,0,DCT
2018-06-20,1.2,1.2,1.2,1.2,0,DCT
2018-06-21,1.2,1.2,1.2,1.2,0,DCT
2018-06-22,1.2,1.2,1.2,1.2,0,DCT
2018-06-25,1.2,1.2,1.2,1.2,0,DCT
2018-06-26,1.2,1.2,1.2,1.2,0,DCT
2018-06-27,1.2,1.2,1.2,1.2,0,DCT
2018-06-28,1.2,1.2,1.2,1.2,0,DCT
2018-06-29,1.2,1.2,1.2,1.2,2200,DCT
2018-07-02,1.2,1.2,1.2,1.2,0,DCT
2018-07-03,1.2,1.2,1.2,1.2,0,DCT
2018-07-04,1.2,1.2,1.2,1.2,0,DCT
2018-07-05,1.2,1.2,1.2,1.2,0,DCT
2018-07-06,1.2,1.2,1.2,1.2,0,DCT
2018-07-09,1.2,1.2,1.2,1.2,0,DCT
2018-07-10,1.2,1.2,1.2,1.2,0,DCT
2018-07-11,1.2,1.2,1.2,1.2,0,DCT
2018-07-12,1.2,1.2,1.2,1.2,0,DCT
2018-07-13,1.2,1.2,1.2,1.2,4000,DCT
2018-07-16,1.2,1.2,1.2,1.2,0,DCT
2018-07-17,1.2,1.2,1.2,1.2,0,DCT
2018-07-18,1.2,1.2,1.2,1.2,0,DCT
2018-07-19,1.2,1.2,1.2,1.2,0,DCT
2018-07-20,1.2,1.2,1.2,1.2,1000,DCT
2018-07-23,1.2,1.2,1.2,1.2,0,DCT
2018-07-24,1.2,1.2,1.2,1.2,0,DCT
2018-07-25,1.2,1.2,1.2,1.2,0,DCT
2018-07-26,1.2,1.2,1.2,1.2,0,DCT
2018-07-27,1.2,1.2,1.2,1.2,30,DCT
2018-07-30,1.2,1.2,1.2,1.2,0,DCT
2018-07-31,1.2,1.2,1.2,1.2,0,DCT
2018-08-01,1.2,1.2,1.2,1.2,0,DCT
2018-08-02,1.2,1.2,1.2,1.2,0,DCT
2018-08-03,1.2,1.2,1.2,1.2,0,DCT
2018-08-06,1.2,1.2,1.2,1.2,0,DCT
2018-08-07,1.2,1.2,1.2,1.2,0,DCT
2018-08-08,1.2,1.2,1.2,1.2,0,DCT
2018-08-09,1.2,1.2,1.2,1.2,0,DCT
2018-08-10,1.2,1.2,1.2,1.2,17,DCT
2018-08-13,1.2,1.2,1.2,1.2,0,DCT
2018-08-14,1.2,1.2,1.2,1.2,0,DCT
2018-08-15,1.2,1.2,1.2,1.2,0,DCT
2018-08-16,1.2,1.2,1.2,1.2,0,DCT
2018-08-17,1.2,1.2,1.2,1.2,0,DCT
2018-08-20,1.2,1.2,1.2,1.2,0,DCT
2018-08-21,1.2,1.2,1.2,1.2,0,DCT
2018-08-22,1.2,1.2,1.2,1.2,0,DCT
2018-08-23,1.2,1.2,1.2,1.2,0,DCT
2018-08-24,1.2,1.2,1.2,1.2,0,DCT
2018-08-27,1.2,1.2,1.2,1.2,0,DCT
2018-08-28,1.2,1.2,1.2,1.2,0,DCT
2018-08-29,1.2,1.2,1.2,1.2,0,DCT
2018-08-30,1.2,1.2,1.2,1.2,0,DCT
2018-08-31,1.2,1.2,1.2,1.2,0,DCT
2018-09-04,1.2,1.2,1.2,1.2,0,DCT
2018-09-05,1.2,1.2,1.2,1.2,0,DCT
2018-09-06,1.2,1.2,1.2,1.2,0,DCT
2018-09-07,1.2,1.2,1.2,1.2,0,DCT
2018-09-10,1.2,1.2,1.2,1.2,0,DCT
2018-09-11,1.2,1.2,1.2,1.2,0,DCT
2018-09-12,1.2,1.2,1.2,1.2,0,DCT
2018-09-13,1.2,1.2,1.2,1.2,0,DCT
2018-09-14,1.2,1.2,1.2,1.2,100,DCT
2018-09-17,1.2,1.2,1.2,1.2,0,DCT
2018-09-18,1.2,1.2,1.2,1.2,0,DCT
2018-09-19,1.2,1.2,1.2,1.2,0,DCT
2018-09-20,1.2,1.2,1.2,1.2,0,DCT
2018-09-21,1.2,1.2,1.2,1.2,0,DCT
2018-09-24,1.2,1.2,1.2,1.2,0,DCT
2018-09-25,1.2,1.2,1.2,1.2,0,DCT
2018-09-26,1.2,1.2,1.2,1.2,0,DCT
2018-09-27,1.2,1.2,1.2,1.2,0,DCT
2018-09-28,1.1,1.1,1.1,1.1,600,DCT
2018-10-01,1.1,1.1,1.1,1.1,0,DCT
2018-10-02,1.1,1.1,1.1,1.1,0,DCT
2018-10-03,1.1,1.1,1.1,1.1,0,DCT
2018-10-04,1.1,1.1,1.1,1.1,0,DCT
2018-10-05,1.1,1.1,1.1,1.1,0,DCT
2018-10-08,1.1,1.1,1.1,1.1,0,DCT
2018-10-09,1.1,1.1,1.1,1.1,0,DCT
2018-10-10,1.1,1.1,1.1,1.1,0,DCT
2018-10-11,1.1,1.1,1.1,1.1,0,DCT
2018-10-12,1.2,1.2,1.2,1.2,100,DCT
2018-10-15,1.2,1.2,1.2,1.2,0,DCT
2018-10-16,1.2,1.2,1.2,1.2,0,DCT
2018-10-17,1.2,1.2,1.2,1.2,0,DCT
2018-10-18,1.2,1.2,1.2,1.2,0,DCT
2018-10-19,1.1,1.2,1.1,1.2,2900,DCT
2018-10-22,1.2,1.2,1.2,1.2,0,DCT
2018-10-23,1.2,1.2,1.2,1.2,0,DCT
2018-10-24,1.2,1.2,1.2,1.2,0,DCT
2018-10-25,1.2,1.2,1.2,1.2,0,DCT
2018-10-26,1.2,1.2,1.1,1.1,3100,DCT
2018-10-29,1.1,1.1,1.1,1.1,0,DCT
2018-10-30,1.1,1.1,1.1,1.1,0,DCT
2018-10-31,1.1,1.1,1.1,1.1,0,DCT
2018-11-01,1.1,1.1,1.1,1.1,0,DCT
2018-11-02,1.0,1.2,1.0,1.1,3200,DCT
2018-11-05,1.1,1.1,1.1,1.1,0,DCT
2018-11-06,1.1,1.1,1.1,1.1,0,DCT
2018-11-07,1.1,1.1,1.1,1.1,0,DCT
2018-11-08,1.1,1.1,1.1,1.1,0,DCT
2018-11-09,1.1,1.1,1.1,1.1,1200,DCT
2018-11-12,1.1,1.1,1.1,1.1,0,DCT
2018-11-13,1.1,1.1,1.1,1.1,0,DCT
2018-11-14,1.1,1.1,1.1,1.1,0,DCT
2018-11-15,1.1,1.1,1.1,1.1,0,DCT
2018-11-16,1.1,1.1,1.1,1.1,0,DCT
2018-11-19,1.1,1.1,1.1,1.1,0,DCT
2018-11-20,1.1,1.1,1.1,1.1,0,DCT
2018-11-21,1.1,1.1,1.1,1.1,0,DCT
2018-11-22,1.1,1.1,1.1,1.1,0,DCT
2018-11-23,1.2,1.2,1.2,1.2,5000,DCT
2018-11-26,1.2,1.2,1.2,1.2,0,DCT
2018-11-27,1.2,1.2,1.2,1.2,0,DCT
2018-11-28,1.2,1.2,1.2,1.2,0,DCT
2018-11-29,1.2,1.2,1.2,1.2,0,DCT
2018-11-30,1.1,1.2,1.1,1.2,13100,DCT
2018-12-03,1.2,1.2,1.2,1.2,0,DCT
2018-12-04,1.2,1.2,1.2,1.2,0,DCT
2018-12-05,1.2,1.2,1.2,1.2,0,DCT
2018-12-06,1.2,1.2,1.2,1.2,0,DCT
2018-12-07,1.2,1.2,1.2,1.2,8000,DCT
2018-12-10,1.2,1.2,1.2,1.2,0,DCT
2018-12-11,1.2,1.2,1.2,1.2,0,DCT
2018-12-12,1.2,1.2,1.2,1.2,0,DCT
2018-12-13,1.2,1.2,1.2,1.2,0,DCT
2018-12-14,1.1,1.2,1.1,1.1,13250,DCT
2018-12-17,1.1,1.1,1.1,1.1,0,DCT
2018-12-18,1.1,1.1,1.1,1.1,0,DCT
2018-12-19,1.1,1.1,1.1,1.1,0,DCT
2018-12-20,1.1,1.1,1.1,1.1,0,DCT
2018-12-21,1.1,1.1,1.1,1.1,0,DCT
2018-12-24,1.1,1.1,1.1,1.1,0,DCT
2018-12-25,1.1,1.1,1.1,1.1,0,DCT
2018-12-26,1.1,1.1,1.1,1.1,0,DCT
2018-12-27,1.1,1.1,1.1,1.1,0,DCT
2018-12-28,1.0,1.1,1.0,1.1,9250,DCT
2019-01-02,1.1,1.1,1.1,1.1,0,DCT
2019-01-03,1.1,1.1,1.1,1.1,0,DCT
2019-01-04,1.0,1.1,1.0,1.1,2250,DCT
2019-01-07,1.1,1.1,1.1,1.1,0,DCT
2019-01-08,1.1,1.1,1.1,1.1,0,DCT
2019-01-09,1.1,1.1,1.1,1.1,0,DCT
2019-01-10,1.1,1.1,1.1,1.1,0,DCT
2019-01-11,1.0,1.1,1.0,1.1,4150,DCT
2019-01-14,1.1,1.1,1.1,1.1,0,DCT
2019-01-15,1.1,1.1,1.1,1.1,0,DCT
2019-01-16,1.1,1.1,1.1,1.1,0,DCT
2019-01-17,1.1,1.1,1.1,1.1,0,DCT
2019-01-18,1.0,1.1,1.0,1.1,700,DCT
2019-01-21,1.1,1.1,1.1,1.1,0,DCT
2019-01-22,1.1,1.1,1.1,1.1,0,DCT
2019-01-23,1.1,1.1,1.1,1.1,0,DCT
2019-01-24,1.1,1.1,1.1,1.1,0,DCT
2019-01-25,1.1,1.1,1.1,1.1,3,DCT
2019-01-28,1.1,1.1,1.1,1.1,0,DCT
2019-01-29,1.1,1.1,1.1,1.1,0,DCT
2019-01-30,1.1,1.1,1.1,1.1,0,DCT
2019-01-31,1.1,1.1,1.1,1.1,0,DCT
2019-02-01,1.1,1.1,1.1,1.1,1,DCT
2019-02-11,1.1,1.1,1.1,1.1,0,DCT
2019-02-12,1.1,1.1,1.1,1.1,0,DCT
2019-02-13,1.1,1.1,1.1,1.1,0,DCT
2019-02-14,1.1,1.1,1.1,1.1,0,DCT
2019-02-15,1.1,1.1,1.0,1.0,6802,DCT
2019-02-18,1.0,1.0,1.0,1.0,0,DCT
2019-02-19,1.0,1.0,1.0,1.0,0,DCT
2019-02-20,1.0,1.0,1.0,1.0,0,DCT
2019-02-21,1.0,1.0,1.0,1.0,0,DCT
2019-02-22,1.0,1.1,0.9,1.1,10800,DCT
2019-02-25,1.0,1.1,1.1,1.1,0,DCT
2019-02-26,1.0,1.1,1.1,1.1,0,DCT
2019-02-27,1.0,1.1,1.1,1.1,0,DCT
2019-02-28,1.0,1.1,1.1,1.1,0,DCT
2019-03-01,1.0,1.1,1.1,1.1,0,DCT
2019-03-04,1.0,1.1,1.1,1.1,0,DCT
2019-03-05,1.0,1.1,1.1,1.1,0,DCT
2019-03-06,1.0,1.1,1.1,1.1,0,DCT
2019-03-07,1.0,1.1,1.1,1.1,0,DCT
2019-03-08,1.0,1.0,0.9,1.0,9150,DCT
2019-03-11,1.0,1.0,1.0,1.0,0,DCT
2019-03-12,1.0,1.0,1.0,1.0,0,DCT
2019-03-13,1.0,1.0,1.0,1.0,0,DCT
2019-03-14,1.0,1.0,1.0,1.0,0,DCT
2019-03-15,0.9,0.9,0.9,0.9,2700,DCT
2019-03-18,0.9,0.9,0.9,0.9,0,DCT
2019-03-19,0.9,0.9,0.9,0.9,0,DCT
2019-03-20,0.9,0.9,0.9,0.9,0,DCT
2019-03-21,0.9,0.9,0.9,0.9,0,DCT
2019-03-22,0.9,0.9,0.8,0.8,5500,DCT
2019-03-25,0.8,0.8,0.8,0.8,0,DCT
2019-03-26,0.8,0.8,0.8,0.8,0,DCT
2019-03-27,0.8,0.8,0.8,0.8,0,DCT
2019-03-28,0.8,0.8,0.8,0.8,0,DCT
2019-03-29,0.8,0.8,0.7,0.7,50860,DCT
2019-04-01,0.7,0.7,0.7,0.7,0,DCT
2019-04-02,0.7,0.7,0.7,0.7,0,DCT
2019-04-03,0.7,0.7,0.7,0.7,0,DCT
2019-04-04,0.7,0.7,0.7,0.7,0,DCT
2019-04-05,0.8,0.8,0.6,0.6,1300,DCT
2019-04-08,0.7,0.6,0.6,0.6,0,DCT
2019-04-09,0.7,0.6,0.6,0.6,0,DCT
2019-04-10,0.7,0.6,0.6,0.6,0,DCT
2019-04-11,0.7,0.6,0.6,0.6,0,DCT
2019-04-12,0.7,0.7,0.6,0.7,2300,DCT
2019-04-16,0.7,0.7,0.7,0.7,0,DCT
2019-04-17,0.7,0.7,0.7,0.7,0,DCT
2019-04-18,0.7,0.7,0.7,0.7,0,DCT
2019-04-19,0.7,0.7,0.7,0.7,4600,DCT
2019-04-22,0.7,0.7,0.7,0.7,0,DCT
2019-04-23,0.7,0.7,0.7,0.7,0,DCT
2019-04-24,0.7,0.7,0.7,0.7,0,DCT
2019-04-25,0.7,0.7,0.7,0.7,0,DCT
2019-04-26,0.7,0.7,0.7,0.7,1000,DCT
2019-05-02,0.7,0.7,0.7,0.7,0,DCT
2019-05-03,0.6,0.6,0.6,0.6,32100,DCT
2019-05-06,0.6,0.6,0.6,0.6,0,DCT
2019-05-07,0.6,0.6,0.6,0.6,0,DCT
2019-05-08,0.6,0.6,0.6,0.6,0,DCT
2019-05-09,0.6,0.6,0.6,0.6,0,DCT
2019-05-10,0.6,0.6,0.6,0.6,0,DCT
2019-05-13,0.6,0.6,0.6,0.6,0,DCT
2019-05-14,0.6,0.6,0.6,0.6,0,DCT
2019-05-15,0.6,0.6,0.6,0.6,0,DCT
2019-05-16,0.6,0.6,0.6,0.6,0,DCT
2019-05-17,0.5,0.5,0.5,0.5,720,DCT
2019-05-20,0.5,0.5,0.5,0.5,0,DCT
2019-05-21,0.5,0.5,0.5,0.5,0,DCT
2019-05-22,0.5,0.5,0.5,0.5,0,DCT
2019-05-23,0.5,0.5,0.5,0.5,0,DCT
2019-05-24,0.6,0.6,0.4,0.6,4210,DCT
2019-05-27,0.5,0.6,0.6,0.6,0,DCT
2019-05-28,0.5,0.6,0.6,0.6,0,DCT
2019-05-29,0.5,0.6,0.6,0.6,0,DCT
2019-05-30,0.5,0.6,0.6,0.6,0,DCT
2019-05-31,0.5,0.6,0.5,0.6,420,DCT
2019-06-03,0.6,0.6,0.6,0.6,0,DCT
2019-06-04,0.6,0.6,0.6,0.6,0,DCT
2019-06-05,0.6,0.6,0.6,0.6,0,DCT
2019-06-06,0.6,0.6,0.6,0.6,0,DCT
2019-06-07,0.7,0.7,0.7,0.7,2210,DCT
2019-06-10,0.7,0.7,0.7,0.7,0,DCT
2019-06-11,0.7,0.7,0.7,0.7,0,DCT
2019-06-12,0.7,0.7,0.7,0.7,0,DCT
2019-06-13,0.7,0.7,0.7,0.7,0,DCT
2019-06-14,0.8,0.8,0.8,0.8,300,DCT
2019-06-17,0.8,0.8,0.8,0.8,0,DCT
2019-06-18,0.8,0.8,0.8,0.8,0,DCT
2019-06-19,0.8,0.8,0.8,0.8,0,DCT
2019-06-20,0.8,0.8,0.8,0.8,0,DCT
2019-06-21,0.8,0.8,0.8,0.8,200,DCT
2019-06-24,0.8,0.8,0.8,0.8,0,DCT
2019-06-25,0.8,0.8,0.8,0.8,0,DCT
2019-06-26,0.8,0.8,0.8,0.8,0,DCT
2019-06-27,0.8,0.8,0.8,0.8,0,DCT
2019-06-28,0.9,0.9,0.7,0.7,4100,DCT
2019-07-01,0.7,0.7,0.7,0.7,0,DCT
2019-07-02,0.7,0.7,0.7,0.7,0,DCT
2019-07-03,0.7,0.7,0.7,0.7,0,DCT
2019-07-04,0.7,0.7,0.7,0.7,0,DCT
2019-07-05,0.7,0.8,0.7,0.8,1400,DCT
2019-07-08,0.8,0.8,0.8,0.8,0,DCT
2019-07-09,0.8,0.8,0.8,0.8,0,DCT
2019-07-10,0.8,0.8,0.8,0.8,0,DCT
2019-07-11,0.8,0.8,0.8,0.8,0,DCT
2019-07-12,0.7,0.9,0.7,0.9,9100,DCT
2019-07-15,0.7,0.9,0.9,0.9,0,DCT
2019-07-16,0.7,0.9,0.9,0.9,0,DCT
2019-07-17,0.7,0.9,0.9,0.9,0,DCT
2019-07-18,0.7,0.9,0.9,0.9,0,DCT
2019-07-19,0.6,0.8,0.6,0.8,4600,DCT
2019-07-22,0.6,0.8,0.8,0.8,0,DCT
2019-07-23,0.6,0.8,0.8,0.8,0,DCT
2019-07-24,0.6,0.8,0.8,0.8,0,DCT
2019-07-25,0.6,0.8,0.8,0.8,0,DCT
2019-07-26,0.7,0.7,0.7,0.7,900,DCT
2019-07-29,0.7,0.7,0.7,0.7,0,DCT
2019-07-30,0.7,0.7,0.7,0.7,0,DCT
2019-07-31,0.7,0.7,0.7,0.7,0,DCT
2019-08-01,0.7,0.7,0.7,0.7,0,DCT
2019-08-02,0.7,0.7,0.7,0.7,2000,DCT
2019-08-05,0.7,0.7,0.7,0.7,0,DCT
2019-08-06,0.7,0.7,0.7,0.7,0,DCT
2019-08-07,0.7,0.7,0.7,0.7,0,DCT
2019-08-08,0.7,0.7,0.7,0.7,0,DCT
2019-08-09,0.7,0.7,0.6,0.6,10030,DCT
2019-08-12,0.6,0.6,0.6,0.6,0,DCT
2019-08-13,0.6,0.6,0.6,0.6,0,DCT
2019-08-14,0.6,0.6,0.6,0.6,0,DCT
2019-08-15,0.6,0.6,0.6,0.6,0,DCT
2019-08-16,0.5,0.7,0.5,0.7,2150,DCT
2019-08-19,0.7,0.7,0.7,0.7,0,DCT
2019-08-20,0.7,0.7,0.7,0.7,0,DCT
2019-08-21,0.7,0.7,0.7,0.7,0,DCT
2019-08-22,0.7,0.7,0.7,0.7,0,DCT
2019-08-23,0.7,0.8,0.7,0.7,3900,DCT
2019-08-26,0.8,0.7,0.7,0.7,0,DCT
2019-08-27,0.8,0.7,0.7,0.7,0,DCT
2019-08-28,0.8,0.7,0.7,0.7,0,DCT
2019-08-29,0.8,0.7,0.7,0.7,0,DCT
2019-08-30,0.8,0.8,0.7,0.8,1800,DCT
2019-09-03,0.8,0.8,0.8,0.8,0,DCT
2019-09-04,0.8,0.8,0.8,0.8,0,DCT
2019-09-05,0.8,0.8,0.8,0.8,0,DCT
2019-09-06,0.8,0.8,0.8,0.8,0,DCT
2019-09-09,0.8,0.8,0.8,0.8,0,DCT
2019-09-10,0.8,0.8,0.8,0.8,0,DCT
2019-09-11,0.8,0.8,0.8,0.8,0,DCT
2019-09-12,0.8,0.8,0.8,0.8,0,DCT
2019-09-13,0.8,0.9,0.8,0.9,2450,DCT
2019-09-16,0.9,0.9,0.9,0.9,0,DCT
2019-09-17,0.9,0.9,0.9,0.9,0,DCT
2019-09-18,0.9,0.9,0.9,0.9,0,DCT
2019-09-19,0.9,0.9,0.9,0.9,0,DCT
2019-09-20,1.0,1.0,0.9,0.9,1420,DCT
2019-09-23,0.9,0.9,0.9,0.9,0,DCT
2019-09-24,0.9,0.9,0.9,0.9,0,DCT
2019-09-25,0.9,0.9,0.9,0.9,0,DCT
2019-09-26,0.9,0.9,0.9,0.9,0,DCT
2019-09-27,0.9,1.0,0.9,1.0,1900,DCT
2019-09-30,1.0,1.0,1.0,1.0,0,DCT
2019-10-01,1.0,1.0,1.0,1.0,0,DCT
2019-10-02,1.0,1.0,1.0,1.0,0,DCT
2019-10-03,1.0,1.0,1.0,1.0,0,DCT
2019-10-04,1.1,1.1,1.1,1.1,1300,DCT
2019-10-07,1.1,1.1,1.1,1.1,0,DCT
2019-10-08,1.1,1.1,1.1,1.1,0,DCT
2019-10-09,1.1,1.1,1.1,1.1,0,DCT
2019-10-10,1.1,1.1,1.1,1.1,0,DCT
2019-10-11,1.0,1.0,1.0,1.0,700,DCT
2019-10-14,1.0,1.0,1.0,1.0,0,DCT
2019-10-15,1.0,1.0,1.0,1.0,0,DCT
2019-10-16,1.0,1.0,1.0,1.0,0,DCT
2019-10-17,1.0,1.0,1.0,1.0,0,DCT
2019-10-18,1.1,1.1,1.0,1.1,15000,DCT
2019-10-21,1.1,1.1,1.1,1.1,0,DCT
2019-10-22,1.1,1.1,1.1,1.1,0,DCT
2019-10-23,1.1,1.1,1.1,1.1,0,DCT
2019-10-24,1.1,1.1,1.1,1.1,0,DCT
2019-10-25,1.2,1.2,1.0,1.2,7400,DCT
2019-10-28,1.1,1.2,1.2,1.2,0,DCT
2019-10-29,1.1,1.2,1.2,1.2,0,DCT
2019-10-30,1.1,1.2,1.2,1.2,0,DCT
2019-10-31,1.1,1.1,1.1,1.1,0,DCT
2019-11-01,1.1,1.1,1.1,1.1,1050,DCT
2019-11-04,1.1,1.1,1.1,1.1,0,DCT
2019-11-05,1.1,1.1,1.1,1.1,0,DCT
2019-11-06,1.1,1.1,1.1,1.1,0,DCT
2019-11-07,1.1,1.1,1.1,1.1,0,DCT
2019-11-08,1.2,1.2,1.0,1.0,1400,DCT
2019-11-11,1.0,1.0,1.0,1.0,0,DCT
2019-11-12,1.0,1.0,1.0,1.0,0,DCT
2019-11-13,1.0,1.0,1.0,1.0,0,DCT
2019-11-14,1.0,1.0,1.0,1.0,0,DCT
2019-11-15,1.0,1.1,1.0,1.0,6100,DCT
2019-11-18,1.0,1.0,1.0,1.0,0,DCT
2019-11-19,1.0,1.0,1.0,1.0,0,DCT
2019-11-20,1.0,1.0,1.0,1.0,0,DCT
2019-11-21,1.0,1.0,1.0,1.0,0,DCT
2019-11-22,1.1,1.1,1.0,1.0,9500,DCT
2019-11-25,1.1,1.0,1.0,1.0,0,DCT
2019-11-26,1.1,1.0,1.0,1.0,0,DCT
2019-11-27,1.1,1.0,1.0,1.0,0,DCT
2019-11-28,1.1,1.0,1.0,1.0,0,DCT
2019-11-29,1.1,1.1,1.1,1.0,40,DCT
2019-12-02,1.1,1.1,1.1,1.1,0,DCT
2019-12-03,1.1,1.0,1.0,1.0,0,DCT
2019-12-04,1.1,1.0,1.0,1.0,0,DCT
2019-12-05,1.1,1.0,1.0,1.0,0,DCT
2019-12-06,1.0,1.0,1.0,1.0,300,DCT
2019-12-09,1.0,1.0,1.0,1.0,0,DCT
2019-12-10,1.0,1.0,1.0,1.0,0,DCT
2019-12-11,1.0,1.0,1.0,1.0,0,DCT
2019-12-12,1.0,1.0,1.0,1.0,0,DCT
2019-12-13,0.9,0.9,0.9,0.9,1300,DCT
2019-12-16,0.9,0.9,0.9,0.9,0,DCT
2019-12-17,0.9,0.9,0.9,0.9,0,DCT
2019-12-18,0.9,0.9,0.9,0.9,0,DCT
2019-12-19,0.9,0.9,0.9,0.9,0,DCT
2019-12-20,0.9,0.9,0.9,0.9,0,DCT
2019-12-23,0.9,0.9,0.9,0.9,0,DCT
2019-12-24,0.9,0.9,0.9,0.9,0,DCT
2019-12-25,0.9,0.9,0.9,0.9,0,DCT
2019-12-26,0.9,0.9,0.9,0.9,0,DCT
2019-12-27,0.8,0.8,0.8,0.8,2700,DCT
2019-12-30,0.8,0.8,0.8,0.8,0,DCT
2019-12-31,0.8,0.8,0.8,0.8,0,DCT
2020-01-02,0.8,0.8,0.8,0.8,0,DCT
2020-01-03,0.8,0.8,0.8,0.8,100,DCT
2020-01-06,0.8,0.8,0.8,0.8,0,DCT
2020-01-07,0.8,0.8,0.8,0.8,0,DCT
2020-01-08,0.8,0.8,0.8,0.8,0,DCT
2020-01-09,0.8,0.8,0.8,0.8,0,DCT
2020-01-10,0.7,0.7,0.7,0.7,1900,DCT
2020-01-13,0.7,0.7,0.7,0.7,0,DCT
2020-01-14,0.7,0.7,0.7,0.7,0,DCT
2020-01-15,0.7,0.7,0.7,0.7,0,DCT
2020-01-16,0.7,0.7,0.7,0.7,0,DCT
2020-01-17,0.7,0.7,0.7,0.7,0,DCT
2020-01-20,0.7,0.7,0.7,0.7,0,DCT
2020-01-21,0.7,0.7,0.7,0.7,0,DCT
2020-01-22,0.7,0.7,0.7,0.7,0,DCT
2020-01-30,0.7,0.7,0.7,0.7,0,DCT
2020-01-31,0.6,0.6,0.6,0.6,5900,DCT
2020-02-03,0.6,0.6,0.6,0.6,0,DCT
2020-02-04,0.6,0.6,0.6,0.6,0,DCT
2020-02-05,0.6,0.6,0.6,0.6,0,DCT
2020-02-06,0.6,0.6,0.6,0.6,0,DCT
2020-02-07,0.7,0.7,0.5,0.7,24200,DCT
2020-02-10,0.5,0.7,0.7,0.7,0,DCT
2020-02-11,0.5,0.7,0.7,0.7,0,DCT
2020-02-12,0.5,0.7,0.7,0.7,0,DCT
2020-02-13,0.5,0.7,0.7,0.7,0,DCT
2020-02-14,0.5,0.6,0.5,0.6,1720,DCT
2020-02-17,0.5,0.6,0.6,0.6,0,DCT
2020-02-18,0.5,0.6,0.6,0.6,0,DCT
2020-02-19,0.5,0.6,0.6,0.6,0,DCT
2020-02-20,0.5,0.6,0.6,0.6,0,DCT
2020-02-21,0.5,0.6,0.5,0.6,4100,DCT
2020-02-24,0.5,0.6,0.6,0.6,0,DCT
2020-02-25,0.5,0.6,0.6,0.6,0,DCT
2020-02-26,0.5,0.6,0.6,0.6,0,DCT
2020-02-27,0.5,0.6,0.6,0.6,0,DCT
2020-02-28,0.6,0.6,0.6,0.6,1100,DCT
2020-03-02,0.6,0.6,0.6,0.6,0,DCT
2020-03-03,0.6,0.6,0.6,0.6,0,DCT
2020-03-04,0.6,0.6,0.6,0.6,0,DCT
2020-03-05,0.6,0.6,0.6,0.6,0,DCT
2020-03-06,0.7,0.7,0.7,0.7,3658,DCT
2020-03-09,0.7,0.7,0.7,0.7,0,DCT
2020-03-10,0.7,0.7,0.7,0.7,0,DCT
2020-03-11,0.7,0.7,0.7,0.7,0,DCT
2020-03-12,0.7,0.7,0.7,0.7,0,DCT
2020-03-13,0.8,0.8,0.8,0.8,200,DCT
2020-03-16,0.8,0.8,0.8,0.8,0,DCT
2020-03-17,0.8,0.8,0.8,0.8,0,DCT
2020-03-18,0.8,0.8,0.8,0.8,0,DCT
2020-03-19,0.8,0.8,0.8,0.8,0,DCT
2020-03-20,0.8,0.9,0.8,0.9,3920,DCT
2020-03-23,0.9,0.9,0.9,0.9,0,DCT
2020-03-24,0.9,0.9,0.9,0.9,0,DCT
2020-03-25,0.9,0.9,0.9,0.9,0,DCT
2020-03-26,0.9,0.9,0.9,0.9,0,DCT
2020-03-27,0.9,0.9,0.8,0.8,6600,DCT
2020-03-30,0.9,0.8,0.8,0.8,0,DCT
2020-03-31,0.9,0.8,0.8,0.8,0,DCT
2020-04-01,0.9,0.8,0.8,0.8,0,DCT
2020-04-03,0.9,1.0,0.9,1.0,1120,DCT
2020-04-06,0.9,1.0,1.0,1.0,0,DCT
2020-04-07,0.9,1.0,1.0,1.0,0,DCT
2020-04-08,0.9,1.0,1.0,1.0,0,DCT
2020-04-09,0.9,1.0,1.0,1.0,0,DCT
2020-04-10,0.8,0.8,0.8,0.8,3300,DCT
2020-04-13,0.8,0.8,0.8,0.8,0,DCT
2020-04-14,0.8,0.8,0.8,0.8,0,DCT
2020-04-15,0.8,0.8,0.8,0.8,0,DCT
2020-04-16,0.8,0.8,0.8,0.8,0,DCT
2020-04-17,0.7,0.8,0.7,0.8,3250,DCT
2020-04-20,0.7,0.8,0.8,0.8,0,DCT
2020-04-21,0.7,0.8,0.8,0.8,0,DCT
2020-04-22,0.7,0.8,0.8,0.8,0,DCT
2020-04-23,0.7,0.8,0.8,0.8,0,DCT
2020-04-24,0.8,0.8,0.8,0.8,100,DCT
2020-04-27,0.8,0.8,0.8,0.8,0,DCT
2020-04-28,0.8,0.8,0.8,0.8,0,DCT
2020-04-29,0.8,0.8,0.8,0.8,0,DCT
2020-05-04,0.8,0.8,0.8,0.8,0,DCT
2020-05-05,0.8,0.8,0.8,0.8,0,DCT
2020-05-06,0.8,0.8,0.8,0.8,0,DCT
2020-05-07,0.8,0.8,0.8,0.8,0,DCT
2020-05-08,0.8,0.9,0.8,0.9,700,DCT
2020-05-11,0.8,0.9,0.9,0.9,0,DCT
2020-05-12,0.8,0.9,0.9,0.9,0,DCT
2020-05-13,0.8,0.9,0.9,0.9,0,DCT
2020-05-14,0.8,0.9,0.9,0.9,0,DCT
2020-05-15,0.8,0.8,0.7,0.8,10400,DCT
2020-05-18,0.7,0.8,0.8,0.8,0,DCT
2020-05-19,0.7,0.8,0.8,0.8,0,DCT
2020-05-20,0.7,0.8,0.8,0.8,0,DCT
2020-05-21,0.7,0.8,0.8,0.8,0,DCT
2020-05-22,0.7,0.8,0.8,0.8,0,DCT
2020-05-25,0.7,0.8,0.8,0.8,0,DCT
2020-05-26,0.7,0.8,0.8,0.8,0,DCT
2020-05-27,0.7,0.8,0.8,0.8,0,DCT
2020-05-28,0.7,0.8,0.8,0.8,0,DCT
2020-05-29,0.6,0.8,0.6,0.8,8200,DCT
2020-06-01,0.7,0.8,0.8,0.8,0,DCT
2020-06-02,0.7,0.8,0.8,0.8,0,DCT
2020-06-03,0.7,0.8,0.8,0.8,0,DCT
2020-06-04,0.7,0.8,0.8,0.8,0,DCT
2020-06-05,0.7,0.8,0.6,0.8,6314,DCT
2020-06-08,0.8,0.8,0.8,0.8,0,DCT
2020-06-09,0.8,0.8,0.8,0.8,0,DCT
2020-06-10,0.8,0.8,0.8,0.8,0,DCT
2020-06-11,0.8,0.8,0.8,0.8,0,DCT
2020-06-12,0.7,0.8,0.7,0.8,8400,DCT
2020-06-15,0.7,0.8,0.8,0.8,0,DCT
2020-06-16,0.7,0.8,0.8,0.8,0,DCT
2020-06-17,0.7,0.8,0.8,0.8,0,DCT
2020-06-18,0.7,0.8,0.8,0.8,0,DCT
2020-06-19,0.6,0.7,0.6,0.7,12567,DCT
2020-06-22,0.6,0.7,0.7,0.7,0,DCT
2020-06-23,0.6,0.7,0.7,0.7,0,DCT
2020-06-24,0.6,0.7,0.7,0.7,0,DCT
2020-06-25,0.6,0.7,0.7,0.7,0,DCT
2020-06-26,0.7,0.7,0.6,0.7,27600,DCT
2020-06-29,0.6,0.7,0.7,0.7,0,DCT
2020-06-30,0.6,0.7,0.7,0.7,0,DCT
2020-07-01,0.6,0.7,0.7,0.7,0,DCT
2020-07-02,0.6,0.7,0.7,0.7,0,DCT
2020-07-03,0.6,0.6,0.6,0.6,17000,DCT
2020-07-06,0.6,0.6,0.6,0.6,0,DCT
2020-07-07,0.6,0.6,0.6,0.6,0,DCT
2020-07-08,0.6,0.6,0.6,0.6,0,DCT
2020-07-09,0.6,0.6,0.6,0.6,0,DCT
2020-07-10,0.7,0.7,0.6,0.7,11200,DCT
2020-07-13,0.6,0.7,0.7,0.7,0,DCT
2020-07-14,0.6,0.7,0.7,0.7,0,DCT
2020-07-15,0.6,0.7,0.7,0.7,0,DCT
2020-07-16,0.6,0.7,0.7,0.7,0,DCT
2020-07-17,0.6,0.6,0.6,0.6,3325,DCT
2020-07-20,0.6,0.6,0.6,0.6,0,DCT
2020-07-21,0.6,0.6,0.6,0.6,0,DCT
2020-07-22,0.6,0.6,0.6,0.6,0,DCT
2020-07-23,0.6,0.6,0.6,0.6,0,DCT
2020-07-24,0.7,0.7,0.7,0.7,2300,DCT
2020-07-27,0.7,0.7,0.7,0.7,0,DCT
2020-07-28,0.7,0.7,0.7,0.7,0,DCT
2020-07-29,0.7,0.7,0.7,0.7,0,DCT
2020-07-30,0.7,0.7,0.7,0.7,0,DCT
2020-07-31,0.8,0.8,0.7,0.8,5525,DCT
2020-08-03,0.8,0.8,0.8,0.8,0,DCT
2020-08-04,0.8,0.8,0.8,0.8,0,DCT
2020-08-05,0.8,0.8,0.8,0.8,0,DCT
2020-08-06,0.8,0.8,0.8,0.8,0,DCT
2020-08-07,0.7,0.8,0.7,0.8,1100,DCT
2020-08-10,0.7,0.8,0.8,0.8,0,DCT
2020-08-11,0.7,0.8,0.8,0.8,0,DCT
2020-08-12,0.7,0.8,0.8,0.8,0,DCT
2020-08-13,0.7,0.8,0.8,0.8,0,DCT
2020-08-14,0.8,0.8,0.7,0.8,1102,DCT
2020-08-17,0.7,0.8,0.8,0.8,0,DCT
2020-08-18,0.7,0.8,0.8,0.8,0,DCT
2020-08-19,0.7,0.8,0.8,0.8,0,DCT
2020-08-20,0.7,0.8,0.8,0.8,0,DCT
2020-08-21,0.7,0.8,0.7,0.8,11310,DCT
2020-08-24,0.8,0.8,0.8,0.8,0,DCT
2020-08-25,0.8,0.8,0.8,0.8,0,DCT
2020-08-26,0.8,0.8,0.8,0.8,0,DCT
2020-08-27,0.8,0.8,0.8,0.8,0,DCT
2020-08-28,0.9,0.9,0.8,0.9,4809,DCT
2020-08-31,0.8,0.9,0.9,0.9,0,DCT
2020-09-01,0.8,0.9,0.9,0.9,0,DCT
2020-09-03,0.8,0.9,0.9,0.9,0,DCT
2020-09-04,0.8,0.8,0.7,0.7,4400,DCT
2020-09-07,0.7,0.7,0.7,0.7,0,DCT
2020-09-08,0.7,0.7,0.7,0.7,0,DCT
2020-09-09,0.7,0.7,0.7,0.7,0,DCT
2020-09-10,0.7,0.7,0.7,0.7,0,DCT
2020-09-11,0.8,0.8,0.6,0.6,192220,DCT
2020-09-14,0.6,0.6,0.6,0.6,0,DCT
2020-09-15,0.6,0.6,0.6,0.6,0,DCT
2020-09-16,0.6,0.6,0.6,0.6,0,DCT
2020-09-17,0.6,0.6,0.6,0.6,0,DCT
2020-09-18,0.7,0.7,0.7,0.7,6418,DCT
2020-09-21,0.7,0.7,0.7,0.7,0,DCT
2020-09-22,0.7,0.7,0.7,0.7,0,DCT
2020-09-23,0.7,0.7,0.7,0.7,0,DCT
2020-09-24,0.7,0.7,0.7,0.7,0,DCT
2020-09-25,0.8,0.8,0.8,0.8,22200,DCT
2020-09-28,0.8,0.8,0.8,0.8,0,DCT
2020-09-29,0.8,0.8,0.8,0.8,0,DCT
2020-09-30,0.8,0.8,0.8,0.8,0,DCT
2020-10-01,0.8,0.8,0.8,0.8,0,DCT
2020-10-02,0.9,0.9,0.9,0.9,35000,DCT
2020-10-05,0.9,0.9,0.9,0.9,0,DCT
2020-10-06,0.9,0.9,0.9,0.9,0,DCT
2020-10-07,0.9,0.9,0.9,0.9,0,DCT
2020-10-08,0.9,0.9,0.9,0.9,0,DCT
2020-10-09,0.8,1.0,0.8,0.8,10900,DCT
2020-10-12,0.81,0.81,0.81,0.81,0,DCT
2020-10-13,0.81,0.81,0.81,0.81,0,DCT
2020-10-14,0.81,0.81,0.81,0.81,0,DCT
2020-10-15,0.81,0.81,0.81,0.81,0,DCT
2020-10-16,0.9,0.9,0.9,0.9,27900,DCT
2020-10-19,0.9,0.9,0.9,0.9,0,DCT
2020-10-20,0.9,0.9,0.9,0.9,0,DCT
2020-10-21,0.9,0.9,0.9,0.9,0,DCT
2020-10-22,0.9,0.9,0.9,0.9,0,DCT
2020-10-23,0.8,0.8,0.8,0.8,4000,DCT
2020-10-26,0.8,0.8,0.8,0.8,0,DCT
2020-10-27,0.8,0.8,0.8,0.8,0,DCT
2020-10-28,0.8,0.8,0.8,0.8,0,DCT
2020-10-29,0.8,0.8,0.8,0.8,0,DCT
2020-10-30,0.8,0.8,0.8,0.8,800,DCT
2020-11-02,0.8,0.8,0.8,0.8,0,DCT
2020-11-03,0.8,0.8,0.8,0.8,0,DCT
2020-11-04,0.8,0.8,0.8,0.8,0,DCT
2020-11-05,0.8,0.8,0.8,0.8,0,DCT
2020-11-06,0.8,0.8,0.8,0.8,100,DCT
2020-11-09,0.8,0.8,0.8,0.8,0,DCT
2020-11-10,0.8,0.8,0.8,0.8,0,DCT
2020-11-11,0.8,0.8,0.8,0.8,0,DCT
2020-11-12,0.8,0.8,0.8,0.8,0,DCT
2020-11-13,0.7,0.7,0.7,0.7,8000,DCT
2020-11-16,0.7,0.7,0.7,0.7,0,DCT
2020-11-17,0.7,0.7,0.7,0.7,0,DCT
2020-11-18,0.7,0.7,0.7,0.7,0,DCT
2020-11-19,0.7,0.7,0.7,0.7,0,DCT
2020-11-20,0.7,0.8,0.7,0.8,1200,DCT
2020-11-23,0.7,0.8,0.8,0.8,0,DCT
2020-11-24,0.7,0.8,0.8,0.8,0,DCT
2020-11-25,0.7,0.8,0.8,0.8,0,DCT
2020-11-26,0.7,0.8,0.8,0.8,0,DCT
2020-11-27,0.7,0.7,0.6,0.6,2800,DCT
2020-11-30,0.6,0.6,0.6,0.6,0,DCT
2020-12-01,0.6,0.6,0.6,0.6,0,DCT
2020-12-02,0.6,0.6,0.6,0.6,0,DCT
2020-12-03,0.6,0.6,0.6,0.6,0,DCT
2020-12-04,0.6,0.7,0.6,0.6,37500,DCT
2020-12-07,0.7,0.6,0.6,0.6,0,DCT
2020-12-08,0.7,0.6,0.6,0.6,0,DCT
2020-12-09,0.7,0.6,0.6,0.6,0,DCT
2020-12-10,0.7,0.6,0.6,0.6,0,DCT
2020-12-11,0.7,0.8,0.7,0.8,11300,DCT
2020-12-14,0.8,0.8,0.8,0.8,0,DCT
2020-12-15,0.8,0.8,0.8,0.8,0,DCT
2020-12-16,0.8,0.8,0.8,0.8,0,DCT
2020-12-17,0.8,0.8,0.8,0.8,0,DCT
2020-12-18,0.9,0.9,0.9,0.9,3700,DCT
2020-12-21,0.9,0.9,0.9,0.9,0,DCT
2020-12-22,0.9,0.9,0.9,0.9,0,DCT
2020-12-23,0.9,0.9,0.9,0.9,0,DCT
2020-12-24,0.9,0.9,0.9,0.9,0,DCT
2020-12-25,0.9,0.9,0.9,0.9,63,DCT
2020-12-28,0.9,0.9,0.9,0.9,0,DCT
2020-12-29,0.9,0.9,0.9,0.9,0,DCT
2020-12-30,0.9,0.9,0.9,0.9,0,DCT
2020-12-31,0.9,0.9,0.9,0.9,0,DCT
2021-01-04,0.9,0.9,0.9,0.9,0,DCT
2021-01-05,0.9,0.9,0.9,0.9,0,DCT
2021-01-06,0.9,0.9,0.9,0.9,0,DCT
2021-01-07,0.9,0.9,0.9,0.9,0,DCT
2021-01-08,0.9,1.0,0.9,0.9,16400,DCT
2021-01-11,1.0,0.9,0.9,0.9,0,DCT
2021-01-12,1.0,0.9,0.9,0.9,0,DCT
2021-01-13,1.0,0.9,0.9,0.9,0,DCT
2021-01-14,1.0,0.9,0.9,0.9,0,DCT
2021-01-15,1.1,1.1,0.9,1.1,21950,DCT
2021-01-18,1.0,1.1,1.1,1.1,0,DCT
2021-01-19,1.0,1.1,1.1,1.1,0,DCT
2021-01-20,1.0,1.1,1.1,1.1,0,DCT
2021-01-21,1.0,1.1,1.1,1.1,0,DCT
2021-01-22,1.0,1.1,1.0,1.1,20700,DCT
2021-01-25,1.1,1.1,1.1,1.1,0,DCT
2021-01-26,1.1,1.1,1.1,1.1,0,DCT
2021-01-27,1.1,1.1,1.1,1.1,0,DCT
2021-01-28,1.1,1.1,1.1,1.1,0,DCT
2021-01-29,1.0,1.2,1.0,1.2,400,DCT
2021-02-01,1.1,1.2,1.2,1.2,0,DCT
2021-02-02,1.1,1.2,1.2,1.2,0,DCT
2021-02-03,1.1,1.2,1.2,1.2,0,DCT
2021-02-04,1.1,1.2,1.2,1.2,0,DCT
2021-02-05,1.1,1.1,1.0,1.1,1600,DCT
2021-02-08,1.1,1.1,1.1,1.1,0,DCT
2021-02-09,1.1,1.1,1.1,1.1,0,DCT
2021-02-17,1.1,1.1,1.1,1.1,0,DCT
2021-02-18,1.1,1.1,1.1,1.1,0,DCT
2021-02-19,1.0,1.1,1.0,1.1,500,DCT
2021-02-22,1.1,1.1,1.1,1.1,0,DCT
2021-02-23,1.1,1.1,1.1,1.1,0,DCT
2021-02-24,1.1,1.1,1.1,1.1,0,DCT
2021-02-25,1.1,1.1,1.1,1.1,0,DCT
2021-02-26,1.0,1.2,1.0,1.2,222800,DCT
2021-03-01,1.0,1.2,1.2,1.2,0,DCT
2021-03-02,1.0,1.2,1.2,1.2,0,DCT
2021-03-03,1.0,1.2,1.2,1.2,0,DCT
2021-03-04,1.0,1.2,1.2,1.2,0,DCT
2021-03-05,1.0,1.0,1.0,1.0,51632,DCT
2021-03-08,1.0,1.0,1.0,1.0,0,DCT
2021-03-09,1.0,1.0,1.0,1.0,0,DCT
2021-03-10,1.0,1.0,1.0,1.0,0,DCT
2021-03-11,1.0,1.0,1.0,1.0,0,DCT
2021-03-12,0.9,1.0,0.9,1.0,72200,DCT
2021-03-15,0.9,1.0,1.0,1.0,0,DCT
2021-03-16,0.9,1.0,1.0,1.0,0,DCT
2021-03-17,0.9,1.0,1.0,1.0,0,DCT
2021-03-18,0.9,1.0,1.0,1.0,0,DCT
2021-03-19,1.0,1.0,1.0,1.0,37200,DCT
2021-03-22,1.0,1.0,1.0,1.0,0,DCT
2021-03-23,1.0,1.0,1.0,1.0,0,DCT
2021-03-24,1.0,1.0,1.0,1.0,0,DCT
2021-03-25,1.0,1.0,1.0,1.0,0,DCT
2021-03-26,1.1,1.1,1.1,1.1,41200,DCT
2021-03-29,1.1,1.1,1.1,1.1,0,DCT
2021-03-30,1.1,1.1,1.1,1.1,0,DCT
2021-03-31,1.1,1.1,1.1,1.1,0,DCT
2021-04-01,1.1,1.1,1.1,1.1,0,DCT
2021-04-02,1.1,1.1,1.0,1.1,3100,DCT
2021-04-05,1.0,1.1,1.1,1.1,0,DCT
2021-04-06,1.0,1.1,1.1,1.1,0,DCT
2021-04-07,1.0,1.1,1.1,1.1,0,DCT
2021-04-08,1.0,1.1,1.1,1.1,0,DCT
2021-04-09,1.0,1.1,0.9,1.1,107200,DCT
2021-04-12,1.1,1.1,1.1,1.1,0,DCT
2021-04-13,1.1,1.1,1.1,1.1,0,DCT
2021-04-14,1.1,1.1,1.1,1.1,0,DCT
2021-04-15,1.1,1.1,1.1,1.1,0,DCT
2021-04-16,1.2,1.2,1.2,1.2,53352,DCT
2021-04-19,1.2,1.2,1.2,1.2,0,DCT
2021-04-20,1.2,1.2,1.2,1.2,0,DCT
2021-04-22,1.2,1.2,1.2,1.2,0,DCT
2021-04-23,1.2,1.3,1.2,1.3,209318,DCT
2021-04-26,1.3,1.3,1.3,1.3,0,DCT
2021-04-27,1.3,1.3,1.3,1.3,0,DCT
2021-04-28,1.3,1.3,1.3,1.3,0,DCT
2021-04-29,1.3,1.3,1.3,1.3,0,DCT
2021-05-04,1.3,1.3,1.3,1.3,0,DCT
2021-05-05,1.3,1.3,1.3,1.3,0,DCT
2021-05-06,1.3,1.3,1.3,1.3,0,DCT
2021-05-07,1.4,1.4,1.3,1.4,110494,DCT
2021-05-10,1.4,1.4,1.4,1.4,0,DCT
2021-05-11,1.4,1.4,1.4,1.4,0,DCT
2021-05-12,1.4,1.4,1.4,1.4,0,DCT
2021-05-13,1.4,1.4,1.4,1.4,0,DCT
2021-05-14,1.4,1.6,1.4,1.6,53807,DCT
2021-05-17,1.6,1.6,1.6,1.6,0,DCT
2021-05-18,1.6,1.6,1.6,1.6,0,DCT
2021-05-19,1.6,1.6,1.6,1.6,0,DCT
2021-05-20,1.6,1.6,1.6,1.6,0,DCT
2021-05-21,1.8,1.8,1.6,1.8,73340,DCT
2021-05-24,1.8,1.8,1.8,1.8,0,DCT
2021-05-25,1.8,1.8,1.8,1.8,0,DCT
2021-05-26,1.8,1.8,1.8,1.8,0,DCT
2021-05-27,1.8,1.8,1.8,1.8,0,DCT
2021-05-28,1.9,2.0,1.8,1.8,37650,DCT
2021-05-31,1.9,1.8,1.8,1.8,0,DCT
2021-06-01,1.9,1.8,1.8,1.8,0,DCT
2021-06-02,1.9,1.8,1.8,1.8,0,DCT
2021-06-03,1.9,1.8,1.8,1.8,0,DCT
2021-06-04,1.9,2.0,1.7,1.7,102900,DCT
2021-06-07,1.7,1.7,1.7,1.7,0,DCT
2021-06-08,1.7,1.7,1.7,1.7,0,DCT
2021-06-09,1.7,1.7,1.7,1.7,0,DCT
2021-06-10,1.7,1.7,1.7,1.7,0,DCT
2021-06-11,1.5,1.5,1.5,1.5,7100,DCT
2021-06-14,1.5,1.5,1.5,1.5,0,DCT
2021-06-15,1.5,1.5,1.5,1.5,0,DCT
2021-06-16,1.5,1.5,1.5,1.5,0,DCT
2021-06-17,1.5,1.5,1.5,1.5,0,DCT
2021-06-18,1.3,1.3,1.3,1.3,19700,DCT
2021-06-21,1.3,1.3,1.3,1.3,0,DCT
2021-06-22,1.3,1.3,1.3,1.3,0,DCT
2021-06-23,1.3,1.3,1.3,1.3,0,DCT
2021-06-24,1.3,1.3,1.3,1.3,0,DCT
2021-06-25,1.3,1.3,1.2,1.2,74702,DCT
2021-06-28,1.2,1.2,1.2,1.2,0,DCT
2021-06-29,1.2,1.2,1.2,1.2,0,DCT
2021-06-30,1.2,1.2,1.2,1.2,0,DCT
2021-07-01,1.2,1.2,1.2,1.2,0,DCT
2021-07-02,1.1,1.2,1.1,1.2,52800,DCT
2021-07-05,1.1,1.2,1.2,1.2,0,DCT
2021-07-06,1.1,1.2,1.2,1.2,0,DCT
2021-07-07,1.1,1.2,1.2,1.2,0,DCT
2021-07-08,1.1,1.2,1.2,1.2,0,DCT
2021-07-09,1.1,1.1,1.1,1.1,62600,DCT
2021-07-12,1.1,1.1,1.1,1.1,0,DCT
2021-07-13,1.1,1.1,1.1,1.1,0,DCT
2021-07-14,1.1,1.1,1.1,1.1,0,DCT
2021-07-15,1.1,1.1,1.1,1.1,0,DCT
2021-07-16,1.1,1.2,1.1,1.2,24800,DCT
2021-07-19,1.1,1.2,1.2,1.2,0,DCT
2021-07-20,1.1,1.2,1.2,1.2,0,DCT
2021-07-21,1.1,1.2,1.2,1.2,0,DCT
2021-07-22,1.1,1.2,1.2,1.2,0,DCT
2021-07-23,1.2,1.2,1.0,1.2,14690,DCT
2021-07-26,1.1,1.2,1.2,1.2,0,DCT
2021-07-27,1.1,1.2,1.2,1.2,0,DCT
2021-07-28,1.1,1.2,1.2,1.2,0,DCT
2021-07-29,1.1,1.2,1.2,1.2,0,DCT
2021-07-30,1.2,1.2,1.2,1.2,30802,DCT
2021-08-02,1.2,1.2,1.2,1.2,0,DCT
2021-08-03,1.2,1.2,1.2,1.2,0,DCT
2021-08-04,1.2,1.2,1.2,1.2,0,DCT
2021-08-05,1.2,1.2,1.2,1.2,0,DCT
2021-08-06,1.3,1.3,1.3,1.3,37386,DCT
2021-08-09,1.3,1.3,1.3,1.3,0,DCT
2021-08-10,1.3,1.3,1.3,1.3,0,DCT
2021-08-11,1.3,1.3,1.3,1.3,0,DCT
2021-08-12,1.3,1.3,1.3,1.3,0,DCT
2021-08-13,1.4,1.4,1.4,1.4,23017,DCT
2021-08-16,1.4,1.4,1.4,1.4,0,DCT
2021-08-17,1.4,1.4,1.4,1.4,0,DCT
2021-08-18,1.4,1.4,1.4,1.4,0,DCT
2021-08-19,1.4,1.4,1.4,1.4,0,DCT
2021-08-20,1.6,1.6,1.4,1.5,112200,DCT
2021-08-23,1.5,1.5,1.5,1.5,0,DCT
2021-08-24,1.5,1.5,1.5,1.5,0,DCT
2021-08-25,1.5,1.5,1.5,1.5,0,DCT
2021-08-26,1.5,1.5,1.5,1.5,0,DCT
2021-08-27,1.5,1.6,1.5,1.6,96362,DCT
2021-08-30,1.6,1.6,1.6,1.6,0,DCT
2021-08-31,1.6,1.6,1.6,1.6,0,DCT
2021-09-01,1.6,1.6,1.6,1.6,0,DCT
2021-09-06,1.6,1.6,1.6,1.6,0,DCT
2021-09-07,1.6,1.6,1.6,1.6,0,DCT
2021-09-08,1.6,1.6,1.6,1.6,0,DCT
2021-09-09,1.6,1.6,1.6,1.6,0,DCT
2021-09-10,1.5,1.8,1.5,1.8,333463,DCT
2021-09-13,1.7,1.7,1.7,1.7,0,DCT
2021-09-14,1.7,1.7,1.7,1.7,0,DCT
2021-09-15,1.7,1.7,1.7,1.7,0,DCT
2021-09-16,1.7,1.7,1.7,1.7,0,DCT
2021-09-17,1.9,1.9,1.7,1.9,163080,DCT
2021-09-20,1.8,1.8,1.8,1.8,0,DCT
2021-09-21,1.8,1.8,1.8,1.8,0,DCT
2021-09-22,1.8,1.8,1.8,1.8,0,DCT
2021-09-23,1.8,1.8,1.8,1.8,0,DCT
2021-09-24,2.0,2.0,1.8,1.9,157971,DCT
2021-09-27,2.0,2.0,2.0,2.0,0,DCT
2021-09-28,2.0,2.0,2.0,2.0,0,DCT
2021-09-29,2.0,2.0,2.0,2.0,0,DCT
2021-09-30,2.0,2.0,2.0,2.0,0,DCT
2021-10-01,2.3,2.3,2.0,2.2,99100,DCT
2021-10-04,2.1,2.1,2.1,2.1,0,DCT
2021-10-05,2.1,2.1,2.1,2.1,0,DCT
2021-10-06,2.1,2.1,2.1,2.1,0,DCT
2021-10-07,2.1,2.1,2.1,2.1,0,DCT
2021-10-08,2.3,2.3,2.0,2.1,123000,DCT
2021-10-11,2.1,2.1,2.1,2.1,0,DCT
2021-10-12,2.1,2.1,2.1,2.1,0,DCT
2021-10-13,2.1,2.1,2.1,2.1,0,DCT
2021-10-14,2.1,2.1,2.1,2.1,0,DCT
2021-10-15,2.1,2.4,2.0,2.4,256100,DCT
2021-10-18,2.2,2.2,2.2,2.2,0,DCT
2021-10-19,2.2,2.2,2.2,2.2,0,DCT
2021-10-20,2.2,2.2,2.2,2.2,0,DCT
2021-10-21,2.2,2.2,2.2,2.2,0,DCT
2021-10-22,2.4,2.5,2.4,2.5,144284,DCT
2021-10-25,2.5,2.5,2.5,2.5,0,DCT
2021-10-26,2.5,2.5,2.5,2.5,0,DCT
2021-10-27,2.5,2.5,2.5,2.5,0,DCT
2021-10-28,2.5,2.5,2.5,2.5,0,DCT
2021-10-29,2.8,2.8,2.8,2.8,69033,DCT
2021-11-01,2.8,2.8,2.8,2.8,0,DCT
2021-11-02,2.8,2.8,2.8,2.8,0,DCT
2021-11-03,2.8,2.8,2.8,2.8,0,DCT
2021-11-04,2.8,2.8,2.8,2.8,0,DCT
2021-11-05,3.2,3.2,2.9,3.2,462940,DCT
2021-11-08,3.2,3.2,3.2,3.2,0,DCT
2021-11-09,3.2,3.2,3.2,3.2,0,DCT
2021-11-10,3.2,3.2,3.2,3.2,0,DCT
2021-11-11,3.2,3.2,3.2,3.2,0,DCT
2021-11-12,3.5,3.6,3.5,3.6,325960,DCT
2021-11-15,3.6,3.6,3.6,3.6,0,DCT
2021-11-16,3.6,3.6,3.6,3.6,0,DCT
2021-11-17,3.6,3.6,3.6,3.6,0,DCT
2021-11-18,3.6,3.6,3.6,3.6,0,DCT
2021-11-19,4.1,4.1,3.4,3.8,657481,DCT
2021-11-22,4.0,4.0,4.0,4.0,0,DCT
2021-11-23,4.0,4.0,4.0,4.0,0,DCT
2021-11-24,4.0,4.0,4.0,4.0,0,DCT
2021-11-25,4.0,4.0,4.0,4.0,0,DCT
2021-11-26,4.0,4.0,3.4,3.4,350393,DCT
2021-11-29,3.4,3.4,3.4,3.4,0,DCT
2021-11-30,3.4,3.4,3.4,3.4,0,DCT
2021-12-01,3.4,3.4,3.4,3.4,0,DCT
2021-12-02,3.4,3.4,3.4,3.4,0,DCT
2021-12-03,3.2,3.4,2.9,3.0,343101,DCT
2021-12-06,3.1,3.1,3.1,3.1,0,DCT
2021-12-07,3.1,3.1,3.1,3.1,0,DCT
2021-12-08,3.1,3.1,3.1,3.1,0,DCT
2021-12-09,3.1,3.1,3.1,3.1,0,DCT
2021-12-10,3.0,3.0,2.7,3.0,114610,DCT
2021-12-13,2.8,2.8,2.8,2.8,0,DCT
2021-12-14,2.8,2.8,2.8,2.8,0,DCT
2021-12-15,2.8,2.8,2.8,2.8,0,DCT
2021-12-16,2.8,2.8,2.8,2.8,0,DCT
2021-12-17,3.0,3.0,2.7,2.9,154480,DCT
2021-12-20,2.8,2.8,2.8,2.8,0,DCT
2021-12-21,2.8,2.8,2.8,2.8,0,DCT
2021-12-22,2.8,2.8,2.8,2.8,0,DCT
2021-12-23,2.8,2.8,2.8,2.8,0,DCT
2021-12-24,2.8,3.2,2.8,3.1,269324,DCT
2021-12-27,3.0,3.0,3.0,3.0,0,DCT
2021-12-28,3.0,3.0,3.0,3.0,0,DCT
2021-12-29,3.0,3.0,3.0,3.0,0,DCT
2021-12-30,3.0,3.0,3.0,3.0,0,DCT
2021-12-31,3.1,3.2,2.8,3.0,93907,DCT
2022-01-04,3.0,3.0,3.0,3.0,0,DCT
2022-01-05,3.0,3.0,3.0,3.0,0,DCT
2022-01-06,3.0,3.0,3.0,3.0,0,DCT
2022-01-07,3.0,3.4,2.8,3.4,417447,DCT
2022-01-10,3.4,3.4,3.4,3.4,0,DCT
2022-01-11,3.4,3.4,3.4,3.4,0,DCT
2022-01-12,3.4,3.4,3.4,3.4,0,DCT
2022-01-13,3.4,3.4,3.4,3.4,0,DCT
2022-01-14,3.1,3.5,2.9,3.0,153445,DCT
2022-01-17,3.1,3.1,3.1,3.1,0,DCT
2022-01-18,3.1,3.1,3.1,3.1,0,DCT
2022-01-19,3.1,3.1,3.1,3.1,0,DCT
2022-01-20,3.1,3.1,3.1,3.1,0,DCT
2022-01-21,3.0,3.1,2.7,2.8,60300,DCT
2022-01-24,2.8,2.8,2.8,2.8,0,DCT
2022-01-25,2.8,2.8,2.8,2.8,0,DCT
2022-01-26,2.8,2.8,2.8,2.8,0,DCT
2022-01-27,2.8,2.8,2.8,2.8,0,DCT
2022-01-28,2.8,2.8,2.4,2.7,48900,DCT
2022-02-07,2.5,2.5,2.5,2.5,0,DCT
2022-02-08,2.5,2.5,2.5,2.5,0,DCT
2022-02-09,2.5,2.5,2.5,2.5,0,DCT
2022-02-10,2.5,2.5,2.5,2.5,0,DCT
2022-02-11,2.7,2.8,2.6,2.8,104026,DCT
2022-02-14,2.7,2.7,2.7,2.7,0,DCT
2022-02-15,2.7,2.7,2.7,2.7,0,DCT
2022-02-16,2.7,2.7,2.7,2.7,0,DCT
2022-02-17,2.7,2.7,2.7,2.7,0,DCT
2022-02-18,2.8,3.1,2.7,3.0,50777,DCT
2022-02-21,2.9,2.9,2.9,2.9,0,DCT
2022-02-22,2.9,2.9,2.9,2.9,0,DCT
2022-02-23,2.9,2.9,2.9,2.9,0,DCT
2022-02-24,2.9,2.9,2.9,2.9,0,DCT
2022-02-25,3.0,3.0,2.6,2.7,37543,DCT
2022-02-28,2.7,2.7,2.7,2.7,0,DCT
2022-03-01,2.7,2.7,2.7,2.7,0,DCT
2022-03-02,2.7,2.7,2.7,2.7,0,DCT
2022-03-03,2.7,2.7,2.7,2.7,0,DCT
2022-03-04,2.7,3.0,2.4,2.8,58150,DCT
2022-03-07,2.7,2.7,2.7,2.7,0,DCT
2022-03-08,2.7,2.7,2.7,2.7,0,DCT
2022-03-09,2.7,2.7,2.7,2.7,0,DCT
2022-03-10,2.7,2.7,2.7,2.7,0,DCT
2022-03-11,2.9,2.9,2.5,2.6,68515,DCT
2022-03-14,2.6,2.6,2.6,2.6,0,DCT
2022-03-15,2.6,2.6,2.6,2.6,0,DCT
2022-03-16,2.6,2.6,2.6,2.6,0,DCT
2022-03-17,2.6,2.6,2.6,2.6,0,DCT
2022-03-18,2.6,2.8,2.5,2.5,66391,DCT
2022-03-21,2.6,2.6,2.6,2.6,0,DCT
2022-03-22,2.6,2.6,2.6,2.6,0,DCT
2022-03-23,2.6,2.6,2.6,2.6,0,DCT
2022-03-24,2.6,2.6,2.6,2.6,0,DCT
2022-03-25,2.5,2.8,2.5,2.8,130489,DCT
2022-03-28,2.7,2.7,2.7,2.7,0,DCT
2022-03-29,2.7,2.7,2.7,2.7,0,DCT
2022-03-30,2.7,2.7,2.7,2.7,0,DCT
2022-03-31,2.7,2.7,2.7,2.7,0,DCT
2022-04-01,2.9,2.9,2.4,2.6,29030,DCT
2022-04-04,2.5,2.5,2.5,2.5,0,DCT
2022-04-05,2.5,2.5,2.5,2.5,0,DCT
2022-04-06,2.5,2.5,2.5,2.5,0,DCT
2022-04-07,2.5,2.5,2.5,2.5,0,DCT
2022-04-08,2.5,2.6,2.4,2.6,42650,DCT
2022-04-12,2.5,2.5,2.5,2.5,0,DCT
2022-04-13,2.5,2.5,2.5,2.5,0,DCT
2022-04-14,2.5,2.5,2.5,2.5,0,DCT
2022-04-15,2.5,2.7,2.3,2.5,41800,DCT
2022-04-18,2.4,2.4,2.4,2.4,0,DCT
2022-04-19,2.4,2.4,2.4,2.4,0,DCT
2022-04-20,2.4,2.4,2.4,2.4,0,DCT
2022-04-21,2.4,2.4,2.4,2.4,0,DCT
2022-04-22,2.1,2.3,2.1,2.1,77700,DCT
2022-04-25,2.1,2.1,2.1,2.1,0,DCT
2022-04-26,2.1,2.1,2.1,2.1,0,DCT
2022-04-27,2.1,2.1,2.1,2.1,0,DCT
2022-04-28,2.1,2.1,2.1,2.1,0,DCT
2022-04-29,2.2,2.3,2.1,2.2,55319,DCT
2022-05-04,2.2,2.2,2.2,2.2,0,DCT
2022-05-05,2.2,2.2,2.2,2.2,0,DCT
2022-05-06,2.2,2.2,2.0,2.1,8900,DCT
2022-05-09,2.1,2.1,2.1,2.1,0,DCT
2022-05-10,2.1,2.1,2.1,2.1,0,DCT
2022-05-11,2.1,2.1,2.1,2.1,0,DCT
2022-05-12,2.1,2.1,2.1,2.1,0,DCT
2022-05-13,2.1,2.1,1.8,1.9,3600,DCT
2022-05-16,1.9,1.9,1.9,1.9,0,DCT
2022-05-17,1.9,1.9,1.9,1.9,0,DCT
2022-05-18,1.9,1.9,1.9,1.9,0,DCT
2022-05-19,1.9,1.9,1.9,1.9,0,DCT
2022-05-20,1.9,2.0,1.8,1.9,3800,DCT
2022-05-23,1.9,1.9,1.9,1.9,0,DCT
2022-05-24,1.9,1.9,1.9,1.9,0,DCT
2022-05-25,1.9,1.9,1.9,1.9,0,DCT
2022-05-26,1.9,1.9,1.9,1.9,0,DCT
2022-05-27,2.0,2.1,1.8,2.0,15100,DCT
2022-05-30,1.9,1.9,1.9,1.9,0,DCT
2022-05-31,1.9,1.9,1.9,1.9,0,DCT
2022-06-01,1.9,1.9,1.9,1.9,0,DCT
2022-06-02,1.9,1.9,1.9,1.9,0,DCT
2022-06-03,2.0,2.0,1.7,1.8,24925,DCT
2022-06-06,1.8,1.8,1.8,1.8,0,DCT
2022-06-07,1.8,1.8,1.8,1.8,0,DCT
2022-06-08,1.8,1.8,1.8,1.8,0,DCT
2022-06-09,1.8,1.8,1.8,1.8,0,DCT
2022-06-10,1.7,1.7,1.6,1.6,14000,DCT
2022-06-13,1.6,1.6,1.6,1.6,0,DCT
2022-06-14,1.6,1.6,1.6,1.6,0,DCT
2022-06-15,1.6,1.6,1.6,1.6,0,DCT
2022-06-16,1.6,1.6,1.6,1.6,0,DCT
2022-06-17,1.4,1.4,1.4,1.4,24000,DCT
2022-06-20,1.4,1.4,1.4,1.4,0,DCT
2022-06-21,1.4,1.4,1.4,1.4,0,DCT
2022-06-22,1.4,1.4,1.4,1.4,0,DCT
2022-06-23,1.4,1.4,1.4,1.4,0,DCT
2022-06-24,1.2,1.6,1.2,1.6,53100,DCT
2022-06-27,1.5,1.5,1.5,1.5,0,DCT
2022-06-28,1.5,1.5,1.5,1.5,0,DCT
2022-06-29,1.5,1.5,1.5,1.5,0,DCT
2022-06-30,1.5,1.5,1.5,1.5,0,DCT
2022-07-01,1.3,1.4,1.3,1.3,23800,DCT
2022-07-04,1.3,1.3,1.3,1.3,0,DCT
2022-07-05,1.3,1.3,1.3,1.3,0,DCT
2022-07-06,1.3,1.3,1.3,1.3,0,DCT
2022-07-07,1.3,1.3,1.3,1.3,0,DCT
2022-07-08,1.2,1.4,1.2,1.4,36400,DCT
2022-07-11,1.4,1.4,1.4,1.4,0,DCT
2022-07-12,1.4,1.4,1.4,1.4,0,DCT
2022-07-13,1.4,1.4,1.4,1.4,0,DCT
2022-07-14,1.4,1.4,1.4,1.4,0,DCT
2022-07-15,1.4,1.5,1.3,1.5,10600,DCT
2022-07-18,1.5,1.5,1.5,1.5,0,DCT
2022-07-19,1.5,1.5,1.5,1.5,0,DCT
2022-07-20,1.5,1.5,1.5,1.5,0,DCT
2022-07-21,1.5,1.5,1.5,1.5,0,DCT
2022-07-22,1.7,1.7,1.6,1.6,2600,DCT
2022-07-25,1.7,1.7,1.7,1.7,0,DCT
2022-07-26,1.7,1.7,1.7,1.7,0,DCT
2022-07-27,1.7,1.7,1.7,1.7,0,DCT
2022-07-28,1.7,1.7,1.7,1.7,0,DCT
2022-07-29,1.7,1.8,1.6,1.8,22300,DCT
2022-08-01,1.7,1.7,1.7,1.7,0,DCT
2022-08-02,1.7,1.7,1.7,1.7,0,DCT
2022-08-03,1.7,1.7,1.7,1.7,0,DCT
2022-08-04,1.7,1.7,1.7,1.7,0,DCT
2022-08-05,1.8,1.9,1.7,1.9,8400,DCT
2022-08-08,1.8,1.8,1.8,1.8,0,DCT
2022-08-09,1.8,1.8,1.8,1.8,0,DCT
2022-08-10,1.8,1.8,1.8,1.8,0,DCT
2022-08-11,1.8,1.8,1.8,1.8,0,DCT
2022-08-12,2.0,2.0,1.6,1.8,66200,DCT
2022-08-15,1.8,1.8,1.8,1.8,0,DCT
2022-08-16,1.8,1.8,1.8,1.8,0,DCT
2022-08-17,1.8,1.8,1.8,1.8,0,DCT
2022-08-18,1.8,1.8,1.8,1.8,0,DCT
2022-08-19,1.6,1.8,1.6,1.8,8472,DCT
2022-08-22,1.7,1.7,1.7,1.7,0,DCT
2022-08-23,1.7,1.7,1.7,1.7,0,DCT
2022-08-24,1.7,1.7,1.7,1.7,0,DCT
2022-08-25,1.7,1.7,1.7,1.7,0,DCT
2022-08-26,1.7,1.7,1.5,1.7,27800,DCT
2022-08-29,1.6,1.6,1.6,1.6,0,DCT
2022-08-30,1.6,1.6,1.6,1.6,0,DCT
2022-08-31,1.6,1.6,1.6,1.6,0,DCT
2022-09-05,1.6,1.6,1.6,1.6,0,DCT
2022-09-06,1.6,1.6,1.6,1.6,0,DCT
2022-09-07,1.6,1.6,1.6,1.6,0,DCT
2022-09-08,1.6,1.6,1.6,1.6,0,DCT
2022-09-09,1.6,1.6,1.4,1.4,68100,DCT
2022-09-12,1.4,1.4,1.4,1.4,0,DCT
2022-09-13,1.4,1.4,1.4,1.4,0,DCT
2022-09-14,1.4,1.4,1.4,1.4,0,DCT
2022-09-15,1.4,1.4,1.4,1.4,0,DCT
2022-09-16,1.3,1.4,1.2,1.3,10736,DCT
2022-09-19,1.3,1.3,1.3,1.3,0,DCT
2022-09-20,1.3,1.3,1.3,1.3,0,DCT
2022-09-21,1.3,1.3,1.3,1.3,0,DCT
2022-09-22,1.3,1.3,1.3,1.3,0,DCT
2022-09-23,1.2,1.3,1.2,1.2,96776,DCT
2022-09-26,1.2,1.2,1.2,1.2,0,DCT
2022-09-27,1.2,1.2,1.2,1.2,0,DCT
2022-09-28,1.2,1.2,1.2,1.2,0,DCT
2022-09-29,1.2,1.2,1.2,1.2,0,DCT
2022-09-30,1.1,1.2,1.1,1.2,2455,DCT
2022-10-03,1.2,1.2,1.2,1.2,0,DCT
2022-10-04,1.2,1.2,1.2,1.2,0,DCT
2022-10-05,1.2,1.2,1.2,1.2,0,DCT
2022-10-06,1.2,1.2,1.2,1.2,0,DCT
2022-10-07,1.2,1.3,1.1,1.1,5971,DCT
2022-10-10,1.1,1.1,1.1,1.1,0,DCT
2022-10-11,1.1,1.1,1.1,1.1,0,DCT
2022-10-12,1.1,1.1,1.1,1.1,0,DCT
2022-10-13,1.1,1.1,1.1,1.1,0,DCT
2022-10-14,1.1,1.2,1.0,1.0,47601,DCT
2022-10-17,1.0,1.0,1.0,1.0,0,DCT
2022-10-18,1.0,1.0,1.0,1.0,0,DCT
2022-10-19,1.0,1.0,1.0,1.0,0,DCT
2022-10-20,1.0,1.0,1.0,1.0,0,DCT
2022-10-21,1.0,1.1,0.9,0.9,66100,DCT
2022-10-24,0.9,0.9,0.9,0.9,0,DCT
2022-10-25,0.9,0.9,0.9,0.9,0,DCT
2022-10-26,0.9,0.9,0.9,0.9,0,DCT
2022-10-27,0.9,0.9,0.9,0.9,0,DCT
2022-10-28,0.9,1.0,0.8,0.8,54700,DCT
2022-10-31,0.8,0.8,0.8,0.8,0,DCT
2022-11-01,0.8,0.8,0.8,0.8,0,DCT
2022-11-02,0.8,0.8,0.8,0.8,0,DCT
2022-11-03,0.8,0.8,0.8,0.8,0,DCT
2022-11-04,0.7,0.9,0.7,0.9,32337,DCT
2022-11-07,0.8,0.8,0.8,0.8,0,DCT
2022-11-08,0.8,0.8,0.8,0.8,0,DCT
2022-11-09,0.8,0.8,0.8,0.8,0,DCT
2022-11-10,0.8,0.8,0.8,0.8,0,DCT
2022-11-11,0.7,0.7,0.7,0.7,2100,DCT
2022-11-14,0.7,0.7,0.7,0.7,0,DCT
2022-11-15,0.7,0.7,0.7,0.7,0,DCT
2022-11-16,0.7,0.7,0.7,0.7,0,DCT
2022-11-17,0.7,0.7,0.7,0.7,0,DCT
2022-11-18,0.7,0.8,0.6,0.8,6391,DCT
2022-11-21,0.7,0.7,0.7,0.7,0,DCT
2022-11-22,0.7,0.7,0.7,0.7,0,DCT
2022-11-23,0.7,0.7,0.7,0.7,0,DCT
2022-11-24,0.7,0.7,0.7,0.7,0,DCT
2022-11-25,0.8,0.8,0.8,0.8,27924,DCT
2022-11-28,0.8,0.8,0.8,0.8,0,DCT
2022-11-29,0.8,0.8,0.8,0.8,0,DCT
2022-11-30,0.8,0.8,0.8,0.8,0,DCT
2022-12-01,0.8,0.8,0.8,0.8,0,DCT
2022-12-02,0.9,0.9,0.8,0.9,72095,DCT
2022-12-05,0.9,0.9,0.9,0.9,0,DCT
2022-12-06,0.9,0.9,0.9,0.9,0,DCT
2022-12-07,0.9,0.9,0.9,0.9,0,DCT
2022-12-08,0.9,0.9,0.9,0.9,0,DCT
2022-12-09,1.0,1.0,0.9,0.9,7200,DCT
2022-12-12,1.0,1.0,1.0,1.0,0,DCT
2022-12-13,1.0,1.0,1.0,1.0,0,DCT
2022-12-14,1.0,1.0,1.0,1.0,0,DCT
2022-12-15,1.0,1.0,1.0,1.0,0,DCT
2022-12-16,1.0,1.1,0.9,1.1,43301,DCT
2022-12-19,1.1,1.1,1.1,1.1,0,DCT
2022-12-20,1.1,1.1,1.1,1.1,0,DCT
2022-12-21,1.1,1.1,1.1,1.1,0,DCT
2022-12-22,1.1,1.1,1.1,1.1,0,DCT
2022-12-23,1.2,1.2,1.0,1.0,27726,DCT
2022-12-26,1.1,1.1,1.1,1.1,0,DCT
2022-12-27,1.1,1.1,1.1,1.1,0,DCT
2022-12-28,1.1,1.1,1.1,1.1,0,DCT
2022-12-29,1.1,1.1,1.1,1.1,0,DCT
2022-12-30,1.2,1.2,1.0,1.1,32400,DCT
2023-01-03,1.1,1.1,1.1,1.1,0,DCT
2023-01-04,1.1,1.1,1.1,1.1,0,DCT
2023-01-05,1.1,1.1,1.1,1.1,0,DCT
2023-01-06,1.2,1.2,1.0,1.1,6600,DCT
2023-01-09,1.1,1.1,1.1,1.1,0,DCT
2023-01-10,1.1,1.1,1.1,1.1,0,DCT
2023-01-11,1.1,1.1,1.1,1.1,0,DCT
2023-01-12,1.1,1.1,1.1,1.1,0,DCT
2023-01-13,1.1,1.1,1.0,1.1,36600,DCT
2023-01-16,1.0,1.0,1.0,1.0,0,DCT
2023-01-17,1.0,1.0,1.0,1.0,0,DCT
2023-01-18,1.0,1.0,1.0,1.0,0,DCT
2023-01-19,1.0,1.0,1.0,1.0,0,DCT
2023-01-27,1.1,1.1,1.0,1.0,7078,DCT
2023-01-30,1.0,1.0,1.0,1.0,0,DCT
2023-01-31,1.0,1.0,1.0,1.0,0,DCT
2023-02-01,1.0,1.0,1.0,1.0,0,DCT
2023-02-02,1.0,1.0,1.0,1.0,0,DCT
2023-02-03,1.1,1.1,0.9,1.0,11200,DCT
2023-02-06,1.0,1.0,1.0,1.0,0,DCT
2023-02-07,1.0,1.0,1.0,1.0,0,DCT
2023-02-08,1.0,1.0,1.0,1.0,0,DCT
2023-02-09,1.0,1.0,1.0,1.0,0,DCT
2023-02-10,1.1,1.1,0.9,1.0,1121,DCT
2023-02-13,1.0,1.0,1.0,1.0,0,DCT
2023-02-14,1.0,1.0,1.0,1.0,0,DCT
2023-02-15,1.0,1.0,1.0,1.0,0,DCT
2023-02-16,1.0,1.0,1.0,1.0,0,DCT
2023-02-17,0.9,0.9,0.9,0.9,3705,DCT
2023-02-20,0.9,0.9,0.9,0.9,0,DCT
2023-02-21,0.9,0.9,0.9,0.9,0,DCT
2023-02-22,0.9,0.9,0.9,0.9,0,DCT
2023-02-23,0.9,0.9,0.9,0.9,0,DCT
2023-02-24,1.0,1.0,0.8,0.8,8900,DCT
2023-02-27,0.8,0.8,0.8,0.8,0,DCT
2023-02-28,0.8,0.8,0.8,0.8,0,DCT
2023-03-01,0.8,0.8,0.8,0.8,0,DCT
2023-03-02,0.8,0.8,0.8,0.8,0,DCT
2023-03-03,0.9,0.9,0.8,0.8,8800,DCT
2023-03-06,0.9,0.9,0.9,0.9,0,DCT
2023-03-07,0.9,0.9,0.9,0.9,0,DCT
2023-03-08,0.9,0.9,0.9,0.9,0,DCT
2023-03-09,0.9,0.9,0.9,0.9,0,DCT
2023-03-10,1.0,1.0,0.9,0.9,15900,DCT
2023-03-13,1.0,1.0,1.0,1.0,0,DCT
2023-03-14,1.0,1.0,1.0,1.0,0,DCT
2023-03-15,1.0,1.0,1.0,1.0,0,DCT
2023-03-16,1.0,1.0,1.0,1.0,0,DCT
2023-03-17,1.0,1.0,0.9,0.9,8900,DCT
2023-03-20,0.9,0.9,0.9,0.9,0,DCT
2023-03-21,0.9,0.9,0.9,0.9,0,DCT
2023-03-22,0.9,0.9,0.9,0.9,0,DCT
2023-03-23,0.9,0.9,0.9,0.9,0,DCT
2023-03-24,1.0,1.0,0.8,0.8,29100,DCT
2023-03-27,0.8,0.8,0.8,0.8,0,DCT
2023-03-28,0.8,0.8,0.8,0.8,0,DCT
2023-03-29,0.8,0.8,0.8,0.8,0,DCT
2023-03-30,0.8,0.8,0.8,0.8,0,DCT
2023-03-31,0.9,0.9,0.7,0.7,31600,DCT
2023-04-03,0.7,0.7,0.7,0.7,0,DCT
2023-04-04,0.7,0.7,0.7,0.7,0,DCT
2023-04-05,0.7,0.7,0.7,0.7,0,DCT
2023-04-06,0.7,0.7,0.7,0.7,0,DCT
2023-04-07,0.8,0.8,0.6,0.7,178915,DCT
2023-04-10,0.6,0.6,0.6,0.6,0,DCT
2023-04-11,0.6,0.6,0.6,0.6,0,DCT
2023-04-12,0.6,0.6,0.6,0.6,0,DCT
2023-04-13,0.6,0.6,0.6,0.6,0,DCT
2023-04-14,0.5,0.6,0.5,0.6,37500,DCT
2023-04-17,0.6,0.6,0.6,0.6,0,DCT
2023-04-18,0.6,0.6,0.6,0.6,0,DCT
2023-04-19,0.6,0.6,0.6,0.6,0,DCT
2023-04-20,0.6,0.6,0.6,0.6,0,DCT
2023-04-21,0.6,0.7,0.6,0.6,4900,DCT
2023-04-24,0.6,0.6,0.6,0.6,0,DCT
2023-04-25,0.6,0.6,0.6,0.6,0,DCT
2023-04-26,0.6,0.6,0.6,0.6,0,DCT
2023-04-27,0.6,0.6,0.6,0.6,0,DCT
2023-04-28,0.5,0.7,0.5,0.6,6400,DCT
2023-05-04,0.6,0.6,0.6,0.6,0,DCT
2023-05-05,0.6,0.7,0.6,0.7,33304,DCT
2023-05-08,0.7,0.7,0.7,0.7,0,DCT
2023-05-09,0.7,0.7,0.7,0.7,0,DCT
2023-05-10,0.7,0.7,0.7,0.7,0,DCT
2023-05-11,0.7,0.7,0.7,0.7,0,DCT
2023-05-12,0.6,0.8,0.6,0.7,28100,DCT
2023-05-15,0.7,0.7,0.7,0.7,0,DCT
2023-05-16,0.7,0.7,0.7,0.7,0,DCT
2023-05-17,0.7,0.7,0.7,0.7,0,DCT
2023-05-18,0.7,0.7,0.7,0.7,0,DCT
2023-05-19,0.6,0.8,0.6,0.7,7400,DCT
2023-05-22,0.7,0.7,0.7,0.7,0,DCT
2023-05-23,0.7,0.7,0.7,0.7,0,DCT
2023-05-24,0.7,0.7,0.7,0.7,0,DCT
2023-05-25,0.7,0.7,0.7,0.7,0,DCT
2023-05-26,0.8,0.8,0.6,0.7,6200,DCT
2023-05-29,0.7,0.7,0.7,0.7,0,DCT
2023-05-30,0.7,0.7,0.7,0.7,0,DCT
2023-05-31,0.7,0.7,0.7,0.7,0,DCT
2023-06-01,0.7,0.7,0.7,0.7,0,DCT
2023-06-02,0.7,0.8,0.7,0.8,61300,DCT
2023-06-05,0.8,0.8,0.8,0.8,0,DCT
2023-06-06,0.8,0.8,0.8,0.8,0,DCT
2023-06-07,0.8,0.8,0.8,0.8,0,DCT
2023-06-08,0.8,0.8,0.8,0.8,0,DCT
2023-06-09,0.9,0.9,0.8,0.9,113302,DCT
2023-06-12,0.9,0.9,0.9,0.9,0,DCT
2023-06-13,0.9,0.9,0.9,0.9,0,DCT
2023-06-14,0.9,0.9,0.9,0.9,0,DCT
2023-06-15,0.9,0.9,0.9,0.9,0,DCT
2023-06-16,1.0,1.0,0.8,0.9,28510,DCT
2023-06-19,0.9,0.9,0.9,0.9,0,DCT
2023-06-20,0.9,0.9,0.9,0.9,0,DCT
2023-06-21,0.9,0.9,0.9,0.9,0,DCT
2023-06-22,0.9,0.9,0.9,0.9,0,DCT
2023-06-23,0.9,0.9,0.8,0.8,35008,DCT
2023-06-26,0.8,0.8,0.8,0.8,0,DCT
2023-06-27,0.8,0.8,0.8,0.8,0,DCT
2023-06-28,0.8,0.8,0.8,0.8,0,DCT
2023-06-29,0.8,0.8,0.8,0.8,0,DCT
2023-06-30,0.8,0.8,0.7,0.7,133520,DCT
2023-07-03,0.7,0.7,0.7,0.7,0,DCT
2023-07-04,0.7,0.7,0.7,0.7,0,DCT
2023-07-05,0.7,0.7,0.7,0.7,0,DCT
2023-07-06,0.7,0.7,0.7,0.7,0,DCT
2023-07-07,0.7,0.8,0.7,0.8,18500,DCT
2023-07-10,0.8,0.8,0.8,0.8,0,DCT
2023-07-11,0.8,0.8,0.8,0.8,0,DCT
2023-07-12,0.8,0.8,0.8,0.8,0,DCT
2023-07-13,0.8,0.8,0.8,0.8,0,DCT
2023-07-14,0.8,0.8,0.7,0.8,95100,DCT
2023-07-17,0.7,0.7,0.7,0.7,0,DCT
2023-07-18,0.7,0.7,0.7,0.7,0,DCT
2023-07-19,0.7,0.7,0.7,0.7,0,DCT
2023-07-20,0.7,0.7,0.7,0.7,0,DCT
2023-07-21,0.7,0.8,0.6,0.8,188001,DCT
2023-07-24,0.8,0.8,0.8,0.8,0,DCT
2023-07-25,0.8,0.8,0.8,0.8,0,DCT
2023-07-26,0.8,0.8,0.8,0.8,0,DCT
2023-07-27,0.8,0.8,0.8,0.8,0,DCT
2023-07-28,0.7,0.8,0.7,0.7,96461,DCT
2023-07-31,0.7,0.7,0.7,0.7,0,DCT
2023-08-01,0.7,0.7,0.7,0.7,0,DCT
2023-08-02,0.7,0.7,0.7,0.7,0,DCT
2023-08-03,0.7,0.7,0.7,0.7,0,DCT
2023-08-04,0.8,0.8,0.6,0.6,146105,DCT
2023-08-07,0.6,0.6,0.6,0.6,0,DCT
2023-08-08,0.6,0.6,0.6,0.6,0,DCT
2023-08-09,0.6,0.6,0.6,0.6,0,DCT
2023-08-10,0.6,0.6,0.6,0.6,0,DCT
2023-08-11,0.7,0.7,0.6,0.7,152002,DCT
2023-08-14,0.7,0.7,0.7,0.7,0,DCT
2023-08-15,0.7,0.7,0.7,0.7,0,DCT
2023-08-16,0.7,0.7,0.7,0.7,0,DCT
2023-08-17,0.7,0.7,0.7,0.7,0,DCT
2023-08-18,0.7,0.7,0.6,0.6,63603,DCT
2023-08-21,0.6,0.6,0.6,0.6,0,DCT
2023-08-22,0.6,0.6,0.6,0.6,0,DCT
2023-08-23,0.6,0.6,0.6,0.6,0,DCT
2023-08-24,0.6,0.6,0.6,0.6,0,DCT
2023-08-25,0.7,0.7,0.6,0.7,123731,DCT
2023-08-28,0.7,0.7,0.7,0.7,0,DCT
2023-08-29,0.7,0.7,0.7,0.7,0,DCT
2023-08-30,0.7,0.7,0.7,0.7,0,DCT
2023-08-31,0.7,0.7,0.7,0.7,0,DCT
2023-09-05,0.7,0.7,0.7,0.7,0,DCT
2023-09-06,0.7,0.7,0.7,0.7,0,DCT
2023-09-07,0.7,0.7,0.7,0.7,0,DCT
2023-09-08,0.6,0.8,0.6,0.7,18711,DCT
2023-09-11,0.7,0.7,0.7,0.7,0,DCT
2023-09-12,0.7,0.7,0.7,0.7,0,DCT
2023-09-13,0.7,0.7,0.7,0.7,0,DCT
2023-09-14,0.7,0.7,0.7,0.7,0,DCT
2023-09-15,0.6,0.7,0.6,0.7,13321,DCT
2023-09-18,0.7,0.7,0.7,0.7,0,DCT
2023-09-19,0.7,0.7,0.7,0.7,0,DCT
2023-09-20,0.7,0.7,0.7,0.7,0,DCT
2023-09-21,0.7,0.7,0.7,0.7,0,DCT
2023-09-22,0.7,0.7,0.6,0.7,48100,DCT
2023-09-25,0.7,0.7,0.7,0.7,0,DCT
2023-09-26,0.7,0.7,0.7,0.7,0,DCT
2023-09-27,0.7,0.7,0.7,0.7,0,DCT
2023-09-28,0.7,0.7,0.7,0.7,0,DCT
2023-09-29,0.8,0.8,0.6,0.7,53700,DCT
2023-10-02,0.7,0.7,0.7,0.7,0,DCT
2023-10-03,0.7,0.7,0.7,0.7,0,DCT
2023-10-04,0.7,0.7,0.7,0.7,0,DCT
2023-10-05,0.7,0.7,0.7,0.7,0,DCT
2023-10-06,0.7,0.7,0.6,0.7,1160,DCT
2023-10-09,0.7,0.7,0.7,0.7,0,DCT
2023-10-10,0.7,0.7,0.7,0.7,0,DCT
2023-10-11,0.7,0.7,0.7,0.7,0,DCT
2023-10-12,0.7,0.7,0.7,0.7,0,DCT
2023-10-13,0.7,0.7,0.6,0.7,15810,DCT
2023-10-16,0.7,0.7,0.7,0.7,0,DCT
2023-10-17,0.7,0.7,0.7,0.7,0,DCT
2023-10-18,0.7,0.7,0.7,0.7,0,DCT
2023-10-19,0.7,0.7,0.7,0.7,0,DCT
2023-10-20,0.6,0.6,0.6,0.6,10000,DCT
2023-10-23,0.6,0.6,0.6,0.6,0,DCT
2023-10-24,0.6,0.6,0.6,0.6,0,DCT
2023-10-25,0.6,0.6,0.6,0.6,0,DCT
2023-10-26,0.6,0.6,0.6,0.6,0,DCT
2023-10-27,0.6,0.7,0.6,0.6,19800,DCT
2023-10-30,0.6,0.6,0.6,0.6,0,DCT
2023-10-31,0.6,0.6,0.6,0.6,0,DCT
2023-11-01,0.6,0.6,0.6,0.6,0,DCT
2023-11-02,0.6,0.6,0.6,0.6,0,DCT
2023-11-03,0.7,0.7,0.7,0.7,4500,DCT
2023-11-06,0.7,0.7,0.7,0.7,0,DCT
2023-11-07,0.7,0.7,0.7,0.7,0,DCT
2023-11-08,0.7,0.7,0.7,0.7,0,DCT
2023-11-09,0.7,0.7,0.7,0.7,0,DCT
2023-11-10,0.7,0.8,0.7,0.7,40700,DCT
2023-11-13,0.7,0.7,0.7,0.7,0,DCT
2023-11-14,0.7,0.7,0.7,0.7,0,DCT
2023-11-15,0.7,0.7,0.7,0.7,0,DCT
2023-11-16,0.7,0.7,0.7,0.7,0,DCT
2023-11-17,0.6,0.7,0.6,0.6,21400,DCT
2023-11-20,0.6,0.6,0.6,0.6,0,DCT
2023-11-21,0.6,0.6,0.6,0.6,0,DCT
2023-11-22,0.6,0.6,0.6,0.6,0,DCT
2023-11-23,0.6,0.6,0.6,0.6,0,DCT
2023-11-24,0.6,0.6,0.5,0.6,20600,DCT
2023-11-27,0.6,0.6,0.6,0.6,0,DCT
2023-11-28,0.6,0.6,0.6,0.6,0,DCT
2023-11-29,0.6,0.6,0.6,0.6,0,DCT
2023-11-30,0.6,0.6,0.6,0.6,0,DCT
2023-12-01,0.7,0.7,0.7,0.7,100,DCT
2023-12-04,0.7,0.7,0.7,0.7,0,DCT
2023-12-05,0.7,0.7,0.7,0.7,0,DCT
2023-12-06,0.7,0.7,0.7,0.7,0,DCT
2023-12-07,0.7,0.7,0.7,0.7,0,DCT
2023-12-08,0.7,0.7,0.6,0.7,12200,DCT
2023-12-11,0.7,0.7,0.7,0.7,0,DCT
2023-12-12,0.7,0.7,0.7,0.7,0,DCT
2023-12-13,0.7,0.7,0.7,0.7,0,DCT
2023-12-14,0.7,0.7,0.7,0.7,0,DCT
2023-12-15,0.7,0.7,0.7,0.7,38,DCT
2023-12-18,0.7,0.7,0.7,0.7,0,DCT
2023-12-19,0.7,0.7,0.7,0.7,0,DCT
2023-12-20,0.7,0.7,0.7,0.7,0,DCT
2023-12-21,0.7,0.7,0.7,0.7,0,DCT
2023-12-22,0.7,0.7,0.7,0.7,400,DCT
2023-12-25,0.7,0.7,0.7,0.7,0,DCT
2023-12-26,0.7,0.7,0.7,0.7,0,DCT
2023-12-27,0.7,0.7,0.7,0.7,0,DCT
2023-12-28,0.7,0.7,0.7,0.7,0,DCT
2023-12-29,0.6,0.6,0.6,0.6,3900,DCT
